workspace_gid,workspace_name,category,gid,name,resource_subtype,completed,completed_at,due_on,permalink_url,assignee_name,assigned_by_name,assignee_section,modified_at,created_at,projects,sections,tags,notes,Effort,Dept/Team,Email,email,Excellence Voting,External due date,Fathom Link,Fathom Meeting Title,Geographic,Geography,Gmail Thread Id,Hours Remaining,Initiative,Last updated by AI,Lever,Linked artifacts,members,Partner Stage,Phase,Priority (custom),Product Workstream,Project Type,Prospects reached,Referred contacts,Referrer,Responsible Unit,Risk (1206697121362510),Risk (1208194005440633),Role,Source,Source URLs,Source-of-truth links,Stage,State,Status (Global),Status RYG,Top Priority,Type,Why it matters,Workstream (1205847959825609),Workstream (1208194005440610)
1205801040312777,doromind.com,inbox,1213422294315440,Accrual -> cash bridge,default_task,false,,2026-05-15,https://app.asana.com/1/1205801040312777/project/1210790210220910/task/1213422294315440,Brady Richards,Brady Richards,Recently assigned,2026-05-15T14:12:22.361Z,2026-02-24T15:49:06.342Z,Financial Model,Longer Term,,,8,,,,,,,,,,,2.0,,,,,,,,,,,,,,,,,,,,,,,To Do,,,,,,
1205801040312777,doromind.com,inbox,1213402983318287,Add $100/person/month social budget,default_task,false,,2026-05-22,https://app.asana.com/1/1205801040312777/project/1205896396814582/task/1213402983318287,Brady Richards,Brady Richards,Recently assigned,2026-05-14T15:45:49.425Z,2026-02-28T02:23:19.166Z,Policies,(no section),,"https://fathom.video/share/6ywAcgMF12xcs2zAeF_ErxNq8Pk7BtLr?timestamp=1696.9999

Add to policy and financial models


",2,,,,,,,,,,,,,,,,,,,,,,,,,,,,,,,,,,To Do,,,,,,
1205801040312777,doromind.com,inbox,1213880434698407,Add cohorting to growth dashboards,default_task,false,,2026-05-22,https://app.asana.com/1/1205801040312777/task/1213880434698407,Brady Richards,Brady Richards,Recently assigned,2026-05-14T15:41:40.462Z,2026-03-30T20:00:52.267Z,,,,Meeting: https://fathom.video/calls/619291618,5,,,,,,https://fathom.video/calls/619291618,Mimi / Brady,,,,,,,,,,,,,,,,,,,,,,,,,,,To Do,,,,,,
1205801040312777,doromind.com,inbox,1205896396814577,Add SCA revenue,default_task,false,,2027-01-01,https://app.asana.com/1/1205801040312777/project/1210790210220910/task/1205896396814577,Brady Richards,Brady Richards,Recently assigned,2026-04-24T12:55:36.562Z,2025-09-28T12:46:41.268Z,Financial Model,Longer Term,,,3,,,,,,,,,,,,,,,,,,,,,,,,,,,,,,,,,,Backlog,,,,,,
1205801040312777,doromind.com,inbox,1214619298530335,Add Tier 3 packaging/criteria to next week’s Milestone Jam agenda,default_task,false,,2026-05-22,https://app.asana.com/1/1205801040312777/task/1214619298530335,Brady Richards,Brady Richards,Recently assigned,2026-05-15T14:11:15.387Z,2026-05-07T18:56:28.257Z,,,fathom,Meeting: https://fathom.video/calls/665356510?timestamp=0.0,2,,,,,,https://fathom.video/calls/665356510?timestamp=0.0,Milestones Jam,,,,,,,,,,,,,,,,,,,,,,,,,,,To Do,,,,,,
1205801040312777,doromind.com,inbox,1213995127542637,Align w/ care team on adult privacy process; then draft and circulate how-to,default_task,false,,2026-05-22,https://app.asana.com/1/1205801040312777/task/1213995127542637,Brady Richards,Brady Richards,Recently assigned,2026-05-14T15:41:40.632Z,2026-04-09T15:05:14.751Z,,,fathom,Meeting: https://fathom.video/calls/629607935?timestamp=291.9999,5,,,,,,https://fathom.video/calls/629607935?timestamp=291.9999,Brady + Mimi,,,,,,,,,,,,,,,,,,,,,,,,,,,To Do,,,,,,
1205801040312777,doromind.com,inbox,1214398929999118,Announce tech support availability to NPs/Guides; share contact,default_task,false,,2026-05-15,https://app.asana.com/1/1205801040312777/task/1214398929999118,Brady Richards,Brady Richards,Recently assigned,2026-05-15T14:12:21.265Z,2026-04-29T16:04:52.360Z,,,fathom,Meeting: https://fathom.video/calls/653810611?timestamp=533.9999,1,,,,,,https://fathom.video/calls/653810611?timestamp=533.9999,Track 2: Strategy: Decrease Cost to Serve & Catalyst,,,,,,,,,,,,,,,,,,,,,,,,,,,To Do,,,,,,
1205801040312777,doromind.com,inbox,1213809703315996,Annual Budget & Business Plan,default_task,false,,2026-12-15,https://app.asana.com/1/1205801040312777/project/1212878948060004/task/1213809703315996,Brady Richards,Dhanica Urbano,Recently assigned,2026-05-06T16:33:58.670Z,2026-03-26T13:40:51.746Z,Finances Backlog,Untitled section,,"Prepare next fiscal year budget and business plan:

Requirements:
- Monthly breakdown
- Align with company strategy
- Submit for Board approval BEFORE fiscal year-end

Subtasks:
    Draft budget
    Build monthly model
    Internal review
    Revise
    Submit to Board
    Track approval
",8,,,,,,,,,,,,,,,,,,,,,,,,,Doro,,,,,,,,Finance Close & Investor Reporting,Scheduled,,,,,,
1205801040312777,doromind.com,inbox,1213809703315990,Annual Financial Package,default_task,false,,2026-05-15,https://app.asana.com/1/1205801040312777/project/1212878948060004/task/1213809703315990,Brady Richards,Dhanica Urbano,Recently assigned,2026-05-15T14:12:22.100Z,2026-03-26T13:39:35.559Z,Finances Backlog,Untitled section,,"Prepare annual financial statements:

Deliverables:
- Balance Sheet (year-end)
- Income Statement (full year)
- Cash Flow Statement (full year)
- Statement of Stockholders’ Equity

Requirements:
- GAAP compliant
- Include consolidated + consolidating if subsidiaries exist

Subtasks:
    Finalize year-end close
    Prepare all statements
    Equity rollforward
    Consolidation (if applicable)
    Review
    Send to investors

Deadline: Within 120 days after fiscal year-end",5,,,,,,,,,,,,,,,,,,,,,,,,,Doro,,,,,,,,Finance Close & Investor Reporting,To Do,,,,,,
1205801040312777,doromind.com,inbox,1213390214003373,Assets vs. cash balance reconciliation,default_task,false,,2026-05-15,https://app.asana.com/1/1205801040312777/project/1210790210220910/task/1213390214003373,Brady Richards,Brady Richards,Recently assigned,2026-05-15T14:12:23.308Z,2026-02-24T15:50:38.260Z,Financial Model,Jan 2026 Closing Tasks,,"https://doromind.slack.com/team/U05P11T4ACR ""Total Assets"" from Pilot should be the ""Ending Cash Balance"" right? past numbers are a bit off

Brady  [9:33 AM]
About how much off?

Dhanica  [9:35 AM]
Varying but way off on most cases
$444,184.61 -> $ 418,086
$322,274.64 -> $ 322,263
$225,841.48 -> $ 233,742
$80,271.61
Brady  [9:38 AM]
That's not way off

Dhanica  [9:39 AM]
$1,121,695.52 -> $ 1,062,205
$988,534.33 -> $ 903,491
$836,805.55 -> $ 779,263
$661,571.80 -> $ 632,619
$494,022.35 -> $ 447,640
$344,125.66 -> $ 308,309
$576,830.43 -> $ 575,488
$444,184.61 -> $ 418,086
$322,274.64 -> $ 322,263
$225,841.48 -> $ 233,742",5,,,,,,,,,,,,,,,,,,,,,,,,,,,,,,,,,,To Do,,,,,,
1205801040312777,doromind.com,inbox,1214720382541283,Bank account for Doro Health California,default_task,false,,2026-06-05,https://app.asana.com/1/1205801040312777/project/1213924097303445/task/1214720382541283,Brady Richards,Brady Richards,Recently assigned,2026-05-15T14:10:34.429Z,2026-05-12T14:34:05.472Z,Open California,Launch Care,fathom,,5,,,,,,,,,,,,,,,,,,,,,,,,,,,,,,,,,,Blocked,,,,,,
1205801040312777,doromind.com,inbox,1208908514751368,Bedford Road Medical (Friendly PC),default_task,false,,2027-01-01,https://app.asana.com/1/1205801040312777/project/1205800803236052/task/1208908514751368,Brady Richards,Brady Richards,Recently assigned,2026-05-11T07:22:26.064Z,2024-12-05T04:17:05.884Z,Doro Backlog,All,,"Holding task for structuring work related to the friendly PC, and credentialing (maybe it should just all live in https://app.asana.com/0/1207656528762491/1207657485974518?)

Completed
    NY PC EIN
    NY PC NPI Type 2
    Medicaid-NY group & individual enrollment

In Progress
    Acquiring resource to complete licensing of MD & 2 NPs for NJ

2025-Q1 Targets
    NJ licensing & friendly PC setup
    CAQH exploration
    Healthfirst group & individual enrollment
    Highmark group & individual enrollment

Future (2025-H2?)
    Medicare group & individual enrollment
    PCOR (Medicare) enrollment for NY PC
",13,,,,,,,,,,,,,,,,,,,,,,,,,,,,,,,,,,Backlog,,,,,,
1205801040312777,doromind.com,inbox,1208357884413045,Bedford Road Medical (Friendly PC) › DBA for Doro Medical,default_task,false,,2027-01-01,https://app.asana.com/1/1205801040312777/project/1205800803236052/task/1208357884413045,Brady Richards,Brady Richards,Recently assigned,2026-05-11T07:22:25.041Z,2024-09-20T19:43:37.319Z,Doro Backlog; Cooley Coordination,Untitled section; All,,"Now that we're getting our friendly PC off the ground and identifiers assigned, could we get that DBA in?

Here's Cooley's take on DBAs for the PC generally: 

On the DBA, New York requires the DBA to meet the same naming restrictions as the original name, so “Doro” could not be used as part of a DBA. See NYSED “Please be aware that assumed names and dbas must still meet the same naming requirements as original names.”

Telehealth clients that provide services through a “friendly PC” arrangement generally license the MSO’s name to the PC(s). The MSO’s name is used by the PC as the publicly facing brand. The NY PC’s official name is “Bedford Road Medical”, however,  we could use the Doro MSO’s name in publicly facing material through the license granted by the MSO under the management services agreement or another type of licensing agreement. This concept is baked into the Management Agreement we will send.

For example, telehealth company Hims also uses a friendly PC model. The clinical services are provided by their PCs, which do not use the “Hims” name. Instead, the PCs include the following: You Health of Alaska, P.C., You Health of California P.C., P.A., You Health of Hawaii, P.C., You Health of Kansas, P.A., You Health of Nebraska, P.C., You Health Williams of Nevada, P.C., You Health of New Jersey, P.C., and You Health of Texas, P.A. To the public, the PCs are all part of the same “Hims” umbrella. The PCs’ names are generally only included in the terms of use and other legal documents.


And then the NYSED rules:

5. Unless otherwise authorized by law, your application will be rejected if your entity name does not contain the profession being practiced. Regulations of the Commissioner of Education, https://urldefense.com/v3/__https:/www.op.nysed.gov/title8/regulations-commissioner-education/part-59*psc__;Iw!!OPvj_Mo!_zGULyJ8rhSEbEkMVz5cveyfPtMBF7HChCPjYjrTTZ6Ub0SLMKmPCYZ51s4kgCmpJum8LMNfPsC4Olk$.
 
7. Your application will be rejected if you do not submit an explanation for words used in your entity name that are: initials, foreign words, surnames, abbreviations or words not commonly used in connection with the profession(s) being practiced (https://urldefense.com/v3/__http:/public.leginfo.state.ny.us/LAWSSEAF.cgi?QUERYTYPE=LAWS*&QUERYDATA=$$BSC1503$$@TXBSC01503*&LIST=LAW*&BROWSER=EXPLORER*&TOKEN=27738319*&TARGET=VIEW__;KysrKys!!OPvj_Mo!_zGULyJ8rhSEbEkMVz5cveyfPtMBF7HChCPjYjrTTZ6Ub0SLMKmPCYZ51s4kgCmpJum8LMNfMwheFmU$; https://urldefense.com/v3/__https:/www.op.nysed.gov/title8/regulations-commissioner-education/part-59*psc__;Iw!!OPvj_Mo!_zGULyJ8rhSEbEkMVz5cveyfPtMBF7HChCPjYjrTTZ6Ub0SLMKmPCYZ51s4kgCmpJum8LMNfPsC4Olk$; https://urldefense.com/v3/__https:/www.op.nysed.gov/title8/rules-board-regents/part-29__;!!OPvj_Mo!_zGULyJ8rhSEbEkMVz5cveyfPtMBF7HChCPjYjrTTZ6Ub0SLMKmPCYZ51s4kgCmpJum8LMNfKf3srB8$). […]
 
14. Your application will be rejected if the name of the entity includes a term that does not meet the requirements set forth in https://urldefense.com/v3/__https:/www.counsel.nysed.gov/pamphlet9/__;!!OPvj_Mo!_zGULyJ8rhSEbEkMVz5cveyfPtMBF7HChCPjYjrTTZ6Ub0SLMKmPCYZ51s4kgCmpJum8LMNff4pMbPw$.
 
15. Your application will be rejected if the following terms are used in the name of the entity:
Misleading Words That Are Not Allowed in the Name of an Entity
Cure
Healing
International
Management Co.
National
Network
Partners
Spa
Solution
*Center
*Clinic
*Hospital

*as per Article 28 of the Public Health Law
*Exception for the use in the profession of Veterinary Medicine

Please note: This list is not all inclusive, contact the Professional Corporations Unit with questions 
                 
    Your application will be rejected if the name includes terms that fall under https://urldefense.com/v3/__http:/public.leginfo.state.ny.us/LAWSSEAF.cgi?QUERYTYPE=LAWS*&QUERYDATA=$$PBH2801$$@TXPBH02801*&LIST=LAW*&BROWSER=EXPLORER*&TOKEN=28419842*&TARGET=VIEW__;KysrKys!!OPvj_Mo!_zGULyJ8rhSEbEkMVz5cveyfPtMBF7HChCPjYjrTTZ6Ub0SLMKmPCYZ51s4kgCmpJum8LMNfyGQP-O4$ of the Public Health Law.
     
    Your application will be rejected if the name includes terms that indicate professional superiority (https://urldefense.com/v3/__https:/www.op.nysed.gov/title8/rules-board-regents/part-29__;!!OPvj_Mo!_zGULyJ8rhSEbEkMVz5cveyfPtMBF7HChCPjYjrTTZ6Ub0SLMKmPCYZ51s4kgCmpJum8LMNfKf3srB8$).
    
    Claims of Superiority Not Allowed in the Name of an Entity
    Advanced
    Best
    Exceptional
    Expert
    Outstanding
    Premier
    Special
    Super
    Ultimate
    
    Please note: This list is not all inclusive, contact the Professional Corporations Unit with questions.

",5,,,,,,,,,,,,,,,,,,,,,,,,,,,,,,,,,,Backlog,,,,,Care Team,
1205801040312777,doromind.com,inbox,1208343292109716,Bedford Road Medical (Friendly PC) › Employment structure for clinicians › Set up Rippling to run payroll for multiple EINs,default_task,false,,2026-05-15,https://app.asana.com/1/1205801040312777/project/1205800803236052/task/1208343292109716,Brady Richards,Brady Richards,Recently assigned,2026-05-15T14:12:23.152Z,2024-09-18T14:47:19.806Z,Doro Backlog; Bill through BRM,All; Untitled section,,"Mon Sep 23, 2024 - Met with Ciara and and PEO rep to clarify that we'll move forward with multiple EINs and are OK with the consequence that we cannot move forward with the PEO.

Mon Sep 30, 2024 - Scheduled time with Justin Wikoff (Rippling Technical Account Consultant) for tomorrow (Oct 1) to configure account.

Fri 10/18, 2024 - Got instructions from Justin, aiming to configure after team retreat.",8,,,,,,,,,,,,,,,,,,,,,,,,,,,,,,,,,,To Do,,,,,,
1205801040312777,doromind.com,inbox,1210345920642609,Bedford Road Medical (Friendly PC) › Employment structure for clinicians › Set up Rippling to run payroll for multiple EINs › Send Beth a note RE: Multiple EINs,default_task,false,,2026-05-15,https://app.asana.com/1/1205801040312777/project/1213589133652402/task/1210345920642609,Brady Richards,Dhanica Urbano,Recently assigned,2026-05-15T14:12:20.944Z,2025-05-21T18:38:54.324Z,Bill through BRM,Untitled section,,,1,,,,,,,,,,,,,,,,,,,,,,,,,,,,,,,,,,To Do,,,,,,
1205801040312777,doromind.com,inbox,1213522911097670,Bedford Road Medical (Friendly PC) › Management Services Agreement (MSA) › Re-assess management fee,default_task,false,,2026-09-05,https://app.asana.com/1/1205801040312777/task/1213522911097670,Brady Richards,Brady Richards,Recently assigned,2026-05-07T19:58:07.432Z,2026-03-03T15:12:01.460Z,,,,We should periodically re-assess this; $10k/month for now.,3,,,,,,,,,,,,,,,,,,,,,,,,,,,,,,,,,,Scheduled,,,,,,
1205801040312777,doromind.com,inbox,1213445600425010,"Bedford Road Medical P.C., IRS, EFTPS Enrollment Confirmation",default_task,false,,2026-05-15,https://app.asana.com/1/1205801040312777/project/1208193100268936/task/1213445600425010,Brady Richards,Brady Richards,Recently assigned,2026-05-15T14:12:21.792Z,2026-02-26T03:08:34.502Z,Founders Backlog; Bill through BRM,All; Untitled section,,"Bedford Road Medical P.C., IRS, EFTPS Enrollment Confirmation,
02-06-2026.pdf
<https://drive.google.com/file/d/177Jjs4ItVZxS6yX1RFMkIFqJds9ytYyt/view?usp=sharing>
Receiver Name: Bedford Road Medical P.C.
Date of Mail: 02/06/2026

Title: EFTPS Enrollment Confirmation – IRS Letter 5144
Summary: The IRS (U.S. Department of the Treasury) confirms enrollment in
the Electronic Federal Tax Payment System (EFTPS) for employment tax
payments. An EFTPS Inquiry PIN and Enrollment Number are provided to
establish online access and monitor payments; the PIN cannot be used to
make payments. The practice remains responsible for timely payroll tax
filings and payments to avoid penalties.

-- 
You received this message because you are subscribed to the Google Groups ""mail-handling"" group.
To unsubscribe from this group and stop receiving emails from it, send an email to mail-handling+unsubscribe@doromind.com.
To view this discussion visit https://groups.google.com/a/doromind.com/d/msgid/mail-handling/CAKn6ZehoOvfmYxSojSGMWgvRZdhaZC3NMQdrinPKUgC7u1bXQA%40mail.gmail.com.
For more options, visit https://groups.google.com/a/doromind.com/d/optout.
",2,,,,,,,,,,19c915e40753495e19c915e40753495e,1.0,,,,,,,,,,,,,,,,,,,https://mail.google.com/mail/u/0/#inbox/19c915e40753495e19c915e40753495e,,,,To Do,,,,,,
1205801040312777,doromind.com,inbox,1209168563852302,BPO Strategy,default_task,false,,2026-05-22,https://app.asana.com/1/1205801040312777/project/1208193100268936/task/1209168563852302,Brady Richards,Brady Richards,Recently assigned,2026-05-14T15:41:41.731Z,2025-01-16T19:27:10.400Z,Founders Backlog,All,,"Figure out what our BPO strategy is, and explain it to the team. ",8,,,,,,,,,,,,,,,,,,,,,,,,,,,,,,,,,,To Do,,,,,,
1205801040312777,doromind.com,inbox,1209715917420368,BPO Strategy › Explore partnership with Access Healthcare,default_task,false,,2027-01-01,https://app.asana.com/1/1205801040312777/project/1208193100268936/task/1209715917420368,Brady Richards,Brady Richards,Recently assigned,2026-04-24T12:46:41.155Z,2025-03-19T16:17:09.053Z,Founders Backlog,All,,"This is where Matthew is, and where Athena / Devoted are.

High level take away: 10 is the suggested team size for a given kind of work (single SOP, single shift). Nurses in the Philipines are $2,200-4,200 / FTE / month, on US time, depending on fluency. That works out to about a $500K commitment to get started.",8,,,,,,,,,,,,,,,,,,,,,,,,,,,,,,,,,,Backlog,,,,,,
1205801040312777,doromind.com,inbox,1213901277128451,CA Professional Corporation (Doro Health of California),default_task,false,,2026-05-15,https://app.asana.com/1/1205801040312777/project/1208260574168878/task/1213901277128451,Brady Richards,Brady Richards,Recently assigned,2026-05-15T14:12:21.927Z,2026-04-01T22:46:12.143Z,Growth Backlog; Open California,Market Expansion; Launch Care,,"Talk to Alexis about getting the CA PC stood up
Talk to Alexis about the captive PC contract form",5,,,,,,,,,,,,,,,,,,,,,,,,,,,,,,,,,,To Do,,,,,,
1205801040312777,doromind.com,inbox,1214306535711684,California Withholding Tax Notice,default_task,false,,2026-05-15,https://app.asana.com/1/1205801040312777/project/1208193100268936/task/1214306535711684,Brady Richards,Brady Richards,Recently assigned,2026-05-15T14:12:22.525Z,2026-04-27T15:07:18.635Z,Founders Backlog,All,email,"https://mail.google.com/mail/#inbox/19dc169f07ab6445

From: dhanica@doromind.com
To: mail-handling@doromind.com

Doro Mind Inc., Franchise Tax Board, Withholding Tax Notice Requirements, 04-14-2026.pdf  Receiver Name: Doro Mind Inc. Date of Mail: 04/14/2026 Summary: The California Franchise Tax Board issued a notice (DLN 2609448195Z, Entity ID 20260161751/000) regarding withholding tax obligations for entities doing business in California. The notice outlines requirements to withhold 7% on payments to nonresidents exceeding $1,500 annually and details exceptions and backup withholding rules. The recipient must review obligations and ensure compliance to avoid penalties and interest. -- You received this message because you are subscribed to the Google Groups ""Mail Handling"" group. To unsubscribe from this group and stop receiving emails from it, send an email to mail-handling+unsubscribe@doromind.com. To view this discussion visit https://groups.google.com/a/doromind.com/d/msgid/mail-handling/CAKn6ZegjCbjgZMJxRfgQB%2BR9BOV7Gkjas-q7zeifk%3D_tYyiUcQ%40mail.gmail.com. For more options, visit https://groups.google.com/a/doromind.com/d/optout.",1,,,,,,,,,,19dc169f07ab6445,,,,,,,,,,,,,,,,,,,,https://mail.google.com/mail/u/0/#inbox/19dc169f07ab6445,,,,To Do,,,,,,
1205801040312777,doromind.com,inbox,1205896396814586,Call Ben,default_task,false,,2026-05-15,https://app.asana.com/1/1205801040312777/task/1205896396814586,Brady Richards,Brady Richards,Recently assigned,2026-05-15T14:12:23.561Z,2026-02-26T14:12:47.319Z,,,,,1,,,,,,,,,,,0.5,,,,,,,,,,,,,,,,,,,,,,,To Do,,,,,,
1205801040312777,doromind.com,inbox,1214268063465311,Claude BAA,default_task,false,,2026-05-15,https://app.asana.com/1/1205801040312777/project/1205800803236052/task/1214268063465311,Brady Richards,David Chang,Recently assigned,2026-05-15T14:12:23.491Z,2026-04-24T18:33:01.136Z,Doro Backlog,All,,"Short summary of next steps: 
    Get an org API key. We use that to authenticate instead of Claude Teams
    Maria sets up zero data retention (ZDR)
    We sign a BAA

Gist of the conversation is was that they want this to be easier, and are working to make it easier. Right now there are some parts of their system which are easy to cover with a BAA, and parts that take more manual work on their side, which are the ones that need an enterprise account to get BAA coverage. Maria hinted that that might change quite soon, but didn't give a date. 

What was in vs out was a bit hard to follow. Maria said she'd send it in a follow-up email. What was clear was that Claude Cowork and Claude Code UI were hard, while API and CLI Claude Code, authenticated with an API key, were easy. ",3,,,,,,,,,,19dcfb97d36af0a8,,,,,,,,,,,,,,,,,,,,,,,,To Do,,,,,,
1205801040312777,doromind.com,inbox,1209846554160353,Clean up Google Drive personnel folders,default_task,false,,2026-05-22,https://app.asana.com/1/1205801040312777/project/1205800803236052/task/1209846554160353,Brady Richards,Dhanica Urbano,Recently assigned,2026-05-14T15:41:40.330Z,2025-03-31T14:45:47.767Z,Doro Backlog,All,,"So, my understanding is that we have set of folders for people:
    https://drive.google.com/open?id=1oQRqX4bAt_HvDkOd_hUC8YbJK1t_f1d-&usp=drive_fs: private, holds employment contracts.
    Minna has some for the NPs/Laitman.
    We sort of keep some documents in Rippling.
",3,,,,,,,,,,,,,,,,,,,,,,,,,,,,,,,,,,To Do,,,,,,
1205801040312777,doromind.com,inbox,1213480323564192,Clean up IP/license policy (open source software),default_task,false,,2026-05-15,https://app.asana.com/1/1205801040312777/project/1205896396814580/task/1213480323564192,Brady Richards,Brady Richards,Recently assigned,2026-05-15T14:12:22.248Z,2026-03-01T13:44:52.941Z,Post-Close Seed; Policies,(no section),,"We set up a draft policy and some tools to make it reasonable to follow the policy. Need to finalize policy, roll out tools to team.

https://docs.google.com/document/d/1WWz94ZKJXY-EXBNaXkk5BlSlWqRr-lWJfdWVga7fsEU/edit?tab=t.0",5,,,,,,,,,,,,,,,,,,,,,,,,,,,,,,,,,,To Do,,,,,,
1205801040312777,doromind.com,inbox,1213736990107169,Collect hypotheses/metrics/pause criteria from team in Growth Strategy doc,default_task,false,,2026-05-22,https://app.asana.com/1/1205801040312777/task/1213736990107169,Brady Richards,Brady Richards,Recently assigned,2026-05-14T15:41:41.900Z,2026-03-19T19:01:02.658Z,,,,"Meeting: Milestones Jam
Link: https://fathom.video/calls/605399123?timestamp=2872.9999",3,,,,,,,,,,,,,,,,,,,,,,,,,,,,,,,,,,To Do,,,,,,
1205801040312777,doromind.com,inbox,1214587058836554,Compile contracted NP minimum hours; share w/ Kate,default_task,false,,2026-05-15,https://app.asana.com/1/1205801040312777/task/1214587058836554,Brady Richards,Brady Richards,Recently assigned,2026-05-15T14:11:36.134Z,2026-05-06T19:15:58.981Z,,,fathom,Meeting: https://fathom.video/calls/661579463?timestamp=649.9999,3,,,,,,https://fathom.video/calls/661579463?timestamp=649.9999,Brady / Kate,,,,,,,,,,,,,,,,,,,,,,,,,,,To Do,,,,,,
1205801040312777,doromind.com,inbox,1214720269568781,Configuring payment for providers,default_task,false,,2026-05-22,https://app.asana.com/1/1205801040312777/project/1213924097303445/task/1214720269568781,Brady Richards,Brady Richards,Recently assigned,2026-05-15T14:20:57.254Z,2026-05-12T14:32:31.176Z,Open California,Launch Care,,Do we need to route this through DHCA?,2,,,,,,,,,,,,,,,,,,,,,,,,,,,,,,,,,,Blocked,,,,,,
1205801040312777,doromind.com,inbox,1214743858142653,Confirm CA PC filing fees/steps w/ Alexis; prep check/mailing for Jake,default_task,false,,2026-05-22,https://app.asana.com/1/1205801040312777/task/1214743858142653,Brady Richards,Brady Richards,Recently assigned,2026-05-15T14:11:15.252Z,2026-05-12T14:58:04.241Z,,,fathom,Meeting: https://fathom.video/calls/668936439?timestamp=198.9999,1,,,,,,https://fathom.video/calls/668936439?timestamp=198.9999,Brady + Mimi,,,,,,,,,,,,,,,,,,,,,,,,,,,To Do,,,,,,
1205801040312777,doromind.com,inbox,1213881593771030,Confirm CT enrollment status; update Stephanie,default_task,false,,2026-05-22,https://app.asana.com/1/1205801040312777/task/1213881593771030,Brady Richards,Brady Richards,Recently assigned,2026-05-14T15:41:41.035Z,2026-03-30T16:52:49.788Z,,,,Meeting: https://fathom.video/calls/616690446,2,,,,,,https://fathom.video/calls/616690446,Prospect X Scrum,,,,,,,,,,,,,,,,,,,,,,,,,,,To Do,,,,,,
1205801040312777,doromind.com,inbox,1213887828758858,Confirm w/ Assured license/CAQH/CME/BLS tracking capabilities,default_task,false,,2026-05-22,https://app.asana.com/1/1205801040312777/task/1213887828758858,Brady Richards,Brady Richards,Recently assigned,2026-05-14T15:41:41.844Z,2026-03-31T18:59:23.336Z,,,,Meeting: https://fathom.video/calls/618885103,2,,,,,,https://fathom.video/calls/618885103,Milestones Jam,,,,,,,,,,,,,,,,,,,,,,,,,,,To Do,,,,,,
1205801040312777,doromind.com,inbox,1208333601447713,Consider forming a clinical board,default_task,false,,2027-01-01,https://app.asana.com/1/1205801040312777/project/1208193100268936/task/1208333601447713,Brady Richards,Brady Richards,Recently assigned,2026-04-23T12:39:52.463Z,2024-09-17T14:57:37.037Z,Founders Backlog,All,,With an eye toward Series A. ,5,,,,,,,,,,,,,,,,,,,,,,,,,,,,,,,,,,Backlog,,,,,,
1205801040312777,doromind.com,inbox,1214587362892767,Coordinate PL Superbill response w/ Kate and Minna,default_task,false,,2026-05-12,https://app.asana.com/1/1205801040312777/project/1208193100268936/task/1214587362892767,Brady Richards,Brady Richards,Recently assigned,2026-05-12T20:43:13.479Z,2026-05-06T19:20:37.549Z,Founders Backlog,All,,"Pam Levin escalated on her son Sam's SuperBills — Medicare's 12-month reimbursement deadline starts expiring 6/4/26. ~$10K of Jun/Jul/Aug 2025 SuperBills need to reach her by 5/8/26 to give her time to submit. Mimi escalated in #ceo while traveling and asked Brady to coordinate w/ Minna on the response. Brady forwarded the email to Minna+Kate and opened a Slack mpdm to start a quick-and-crisp response.

Sources (received 2026-05-06):
- Slack ceo (Mimi escalation): https://doromind.slack.com/archives/C08EU2RMU6P/p1778079863257759
- Slack mpdm kickoff: https://doromind.slack.com/archives/C0B20U0LX1Q/p1778080715565479
- Email forward to Minna+Kate: https://mail.google.com/mail/u/0/#all/19dfdd9f87551360
- Email follow-ups in same thread: https://mail.google.com/mail/u/0/#all/19dfddbf508cc7a6 / https://mail.google.com/mail/u/0/#all/19dfde0c2c3725f1

Original ask from Pam (excerpted in forwarded email): SuperBills for June/July/August 2025 due by 5/8/26 so Medicare reimbursement isn't lost.",3,,,,,,,,,,19dfd2a78d1682eb,,,,,,,,,,,,,,,,,,,,https://mail.google.com/mail/u/0/#inbox/19dfd2a78d1682eb,,,,In Progress,,,,,,
1205801040312777,doromind.com,inbox,1214242927298664,Coordinate w/ Minna + Hannah re: Hannah office space,default_task,false,,2026-05-22,https://app.asana.com/1/1205801040312777/project/1208193100268936/task/1214242927298664,Brady Richards,Brady Richards,Recently assigned,2026-05-14T15:41:41.496Z,2026-04-23T21:58:43.153Z,Founders Backlog,All,fathom,Meeting: https://fathom.video/calls/646541871?timestamp=0.9999,2,,,,,,https://fathom.video/calls/646541871?timestamp=0.9999,BM + Dhanica | Daily Stand-Up,,,,,,,,,,,,,,,,,,,,,,,https://fathom.video/calls/646541871?timestamp=0.9999,,,,To Do,,,,,,
1205801040312777,doromind.com,inbox,1213219521358652,Correct Patrick's options in Carta,default_task,false,,2026-05-15,https://app.asana.com/1/1205801040312777/project/1213818661314260/task/1213219521358652,Brady Richards,Brady Richards,Recently assigned,2026-05-15T14:12:22.304Z,2026-02-10T18:16:15.677Z,Employees,Untitled section,Pinky,,2,,,,,,,,,,,,,,,,,,,,,,,,,,,,,,,,,,To Do,,,,,,
1205801040312777,doromind.com,inbox,1213734599377336,Create a prospect conversion dashboard,default_task,false,,2026-05-22,https://app.asana.com/1/1205801040312777/project/1205800803236052/task/1213734599377336,Brady Richards,Brady Richards,Recently assigned,2026-05-14T15:41:40.691Z,2026-03-19T15:27:36.040Z,Doro Backlog,All,,"Basic idea is to take all the prospects which match a given set of criteria, set a reference event, and be able to examine where they are over time afterward.",8,,,,,,,,,,,,,,,,,,,,,,,,,,,,,,,,,,To Do,,,,,,
1205801040312777,doromind.com,inbox,1213820504230408,Create licensing/geo grid; set waitlist cutoff; open waitlists for AZ/WA,default_task,false,,2026-05-15,https://app.asana.com/1/1205801040312777/task/1213820504230408,Brady Richards,Brady Richards,Recently assigned,2026-05-15T14:12:21.189Z,2026-03-26T15:50:56.649Z,,,,Meeting: https://fathom.video/calls/613638079,5,,,,,,https://fathom.video/calls/613638079,Brady + Mimi,,,,,,,,,,,,,,,,,,,,,,,,,,,To Do,,,,,,
1205801040312777,doromind.com,inbox,1213269356406379,Cyber Security Assessment,default_task,false,,2026-11-09,https://app.asana.com/1/1205801040312777/project/1205896396814580/task/1213269356406379,Brady Richards,Brady Richards,Recently assigned,2026-04-24T18:58:15.127Z,2026-02-13T17:43:25.435Z,Post-Close Seed,(no section),,"Within 270 days of this Agreement (November 9, 2026), the Company shall use commercially reasonable efforts to (a) identify its confidential business information, trade secrets, and personal data (“Protected Data”) and the related systems and applications (“Systems”); (b) restrict access to Protected Data and Systems to those with a need to know; (c) conduct a commercially reasonable risk assessment of potential risks, vulnerabilities, and threats to Protected Data and Systems; (d) implement and maintain commercially reasonable safeguards to protect the security, confidentiality, integrity, and availability of all Protected Data and Systems; and (e) provide applicable employees, agents, and contractors with privacy and security training as reasonably necessary. We are happy to put you in contact with our cybersecurity and data experts for this analysis.",13,,,,,,,,,,,,,,,,,,,,,,,,,,,,,,,,,,To Do,,,,,,
1205801040312777,doromind.com,inbox,1213269356406376,D&O Insurance,default_task,false,,2026-05-15,https://app.asana.com/1/1205801040312777/project/1205896396814580/task/1213269356406376,Brady Richards,Brady Richards,Recently assigned,2026-05-15T14:12:22.777Z,2026-02-13T17:43:23.490Z,Post-Close Seed,(no section),Do 👀,"The Company shall, within 45 days following the closing, use commercially reasonable efforts to obtain Directors and Officers liability insurance in the amount of no less than $3M and on terms and conditions approved by Board. Let us know if you’d like us to put you in contact with brokers that have been referred to us by other Companies so you can get the process started.

Company
Type
Contact
Email
Newfront
Insurance Broker
Tom Whitenight
tom.whitenight@newfront.com
Lockton
Insurance Broker
Tom Byrne
tbyrne@lockton.com
Sparx
Technology Company in Insurance Space
Ricky Pati
rp@usesparx.com
IMA
Insurance Broker
Patrick Datz
patrick.datz@imacorp.com
IMA
Insurance Broker
Rachel Nixon
rachel.nixon@imacorp.com


",3,,,,,2026-03-27T00:00:00.000Z,,,,,,,,,,,,,,,,,,,,,,,,,,,,,To Do,,,,,,
1205801040312777,doromind.com,inbox,1209029125999863,David PFML parental pay,default_task,false,,2026-05-15,https://app.asana.com/1/1205801040312777/project/1208193100268936/task/1209029125999863,Brady Richards,Mimi Liu,Recently assigned,2026-05-15T14:12:22.199Z,2024-12-24T21:09:59.196Z,Founders Backlog,All,Do 👀,"https://info.shelterpoint.com/paid-family-medical-leave/ma/benefits

Awaiting MA PFML payment to David so we can reconcile via Rippling.

Approval was for $1031.51 per week x 7 (1 week waiting period)

Next steps:
Call MA PFML to clarify if they paid 7 or 8 weeks to finalize how much to adjust payroll by.
Huddle with Brady to figure out how to adjust payroll or clarify with Rippling support/SignalFire HR support",3,,,,,,,,,,,2.0,,,,,,,,,,,,,,,,,,,,,,,To Do,,,,,,
1205801040312777,doromind.com,inbox,1214204855520375,Debug Laitman/Rob supervision classification w/ Danica; update Tier 3 COGS,default_task,false,,2026-05-22,https://app.asana.com/1/1205801040312777/task/1214204855520375,Brady Richards,Brady Richards,Recently assigned,2026-05-14T15:41:41.199Z,2026-04-22T21:37:09.216Z,,,fathom,Meeting: https://fathom.video/calls/647671602?timestamp=951.9999,3,,,,,,https://fathom.video/calls/647671602?timestamp=951.9999,Revisit Strategy Tracks,,,,,,,,,,,,,,,,,,,,,,,,,,,To Do,,,,,,
1205801040312777,doromind.com,inbox,1213910207906306,Define stage counts + conversion metrics; then prioritize conversion points for deeper insight,default_task,false,,2026-05-22,https://app.asana.com/1/1205801040312777/task/1213910207906306,Brady Richards,Brady Richards,Recently assigned,2026-05-14T15:41:40.266Z,2026-04-02T16:50:03.136Z,,,fathom,Meeting: https://fathom.video/calls/622215665?timestamp=419.9999,5,,,,,,https://fathom.video/calls/622215665?timestamp=419.9999,Growth Goals and Dashboards,,,,,,,,,,,,,,,,,,,,,,,,,,,To Do,,,,,,
1205801040312777,doromind.com,inbox,1214815593022461,Doro Mind books — April 2026,default_task,false,,2026-05-15,https://app.asana.com/1/1205801040312777/project/1212878948060004/task/1214815593022461,Brady Richards,Dhanica Urbano,Recently assigned,2026-05-15T15:44:59.578Z,2026-05-15T14:29:48.706Z,Finances Backlog,Untitled section,,"Hi Brady and Mimi,
We've prepared a draft of your April 2026 books and published a set of draft reports to the Pilot Portal. At your convenience, please complete the following:
    Answer a few questions https://app.pilot.com/c/6d073855/tasks/questions.
    Share categorization feedback on a few transactions https://app.pilot.com/c/6d073855/tasks/transaction-requests.
    Review the new vendors we categorized this period https://app.pilot.com/c/6d073855/tasks/vendor-review.
    Review your draft financials https://app.pilot.com/c/6d073855/books/financial-statements/profit-loss.
Once we've addressed all open questions, we'll share finalized financials for your review and sign-off.
Thanks,
Matthew",,,,,,,,,,,,,,,,,,,,,,,,,,,,,,,,,,Doro Mind Books,To Do,,,,,,
1205801040312777,doromind.com,inbox,1214818398052233,Draft and circulate Medicare/superbill policy to Mina + team,default_task,false,,2026-05-22,https://app.asana.com/1/1205801040312777/project/1208193100268936/task/1214818398052233,Brady Richards,Brady Richards,Recently assigned,2026-05-15T14:11:14.578Z,2026-05-14T21:16:48.958Z,Founders Backlog,All,fathom,Meeting: https://fathom.video/calls/672535251?timestamp=82.9999,5,,,,,,https://fathom.video/calls/672535251?timestamp=82.9999,Brady + Mimi,,,,,,,,,,,,,,,,,,,,,,,,,,,To Do,,,,,,
1205801040312777,doromind.com,inbox,1214818488643125,Draft and send clinical supervision agreement to Jake,default_task,false,,2026-05-22,https://app.asana.com/1/1205801040312777/project/1208193100268936/task/1214818488643125,Brady Richards,Brady Richards,Recently assigned,2026-05-15T14:11:14.508Z,2026-05-14T21:16:46.109Z,Founders Backlog,All,fathom,Meeting: https://fathom.video/calls/672535251?timestamp=82.9999,3,,,,,,https://fathom.video/calls/672535251?timestamp=82.9999,Brady + Mimi,,,,,,,,,,,,,,,,,,,,,,,,,,,To Do,,,,,,
1205801040312777,doromind.com,inbox,1214718129548195,Draft corporate holiday policy; share w/ Kate + Minna,default_task,false,,2026-05-22,https://app.asana.com/1/1205801040312777/task/1214718129548195,Brady Richards,Brady Richards,Recently assigned,2026-05-15T14:11:14.531Z,2026-05-11T19:26:58.377Z,,,fathom,Meeting: https://fathom.video/calls/666599885?timestamp=681.9999,5,,,,,,https://fathom.video/calls/666599885?timestamp=681.9999,Clinical Operations Scope,,,,,,,,,,,,,,,,,,,,,,,,,,,To Do,,,,,,
1205801040312777,doromind.com,inbox,1206614708576339,Draft Employment Framework › Benefits for 2026,default_task,false,,2026-05-15,https://app.asana.com/1/1205801040312777/project/1205800803236052/task/1206614708576339,Brady Richards,Brady Richards,Recently assigned,2026-05-15T14:12:20.863Z,2024-02-15T16:59:24.446Z,Doro Backlog; Employees,All; Untitled section,Do 👀,"This task is to articulate our benefits, most notably health insurance. We'll probably want this as we grow into employing clinicians full time.

Right now, it seems like entering a PEO or ASO arrangement with someone like Rippling will be the most straightforward way to get this off the ground. 

Various notes are https://docs.google.com/document/d/1yO_tBR_FVodiZ-zHoGY0CkbKu_aCC3Y5KOBo9pruhBw/edit",13,,,,,,,,,,,,,,,,,,,1. High,,,,,,,,,,,,,,,To Do,,,,,"People, Build",
1205801040312777,doromind.com,inbox,1213877293143945,Draft growth data backlog for Mimi review,default_task,false,,2026-05-22,https://app.asana.com/1/1205801040312777/task/1213877293143945,Brady Richards,Brady Richards,Recently assigned,2026-05-14T15:41:41.143Z,2026-03-30T20:00:54.425Z,,,,Meeting: https://fathom.video/calls/619291618,3,,,,,,https://fathom.video/calls/619291618,Mimi / Brady,,,,,,,,,,,,,,,,,,,,,,,,,,,To Do,,,,,,
1205801040312777,doromind.com,inbox,1213885003623274,Draft pressure-test plan for caregiver bundle economics; share w/ Mimi,default_task,false,,2026-05-22,https://app.asana.com/1/1205801040312777/task/1213885003623274,Brady Richards,Brady Richards,Recently assigned,2026-05-14T15:41:40.577Z,2026-03-31T14:42:21.329Z,,,,Meeting: https://fathom.video/calls/618884816,5,,,,,,https://fathom.video/calls/618884816,Brady + Mimi,,,,,,,,,,,,,,,,,,,,,,,,,,,To Do,,,,,,
1205801040312777,doromind.com,inbox,1208333125270980,Elevator pitch for Co-CEOs,default_task,false,,2027-01-01,https://app.asana.com/1/1205801040312777/project/1208193100268936/task/1208333125270980,Brady Richards,Brady Richards,Recently assigned,2026-04-23T12:39:48.776Z,2024-09-17T15:09:00.654Z,Founders Backlog,All,,Important for Company / Series A / SignalFire.,8,,,,,,,,,,,,,,,,,,,,,,,,,,,,,,,,,,Backlog,,,,,,
1205801040312777,doromind.com,inbox,1214843376146686,Email Brian Jones overview of Doro Care + Doro Compass,default_task,false,,,https://app.asana.com/1/1205801040312777/task/1214843376146686,Brady Richards,Brady Richards,Recently assigned,2026-05-15T15:06:55.398Z,2026-05-15T15:06:53.460Z,,,fathom,Meeting: https://fathom.video/calls/674581824?timestamp=1788.9999,,,,,,,https://fathom.video/calls/674581824?timestamp=1788.9999,Welcome Call: Brady Richards and Brian Jones,,,,,,,,,,,,,,,,,,,,,,,,,,,In Progress,,,,,,
1205801040312777,doromind.com,inbox,1214242123300833,Email Dr. Laitman re: requested items; reference Keren's list,default_task,false,,2026-05-15,https://app.asana.com/1/1205801040312777/task/1214242123300833,Brady Richards,Brady Richards,Recently assigned,2026-05-15T14:12:23.240Z,2026-04-23T21:06:47.466Z,,,fathom,Meeting: https://fathom.video/calls/648645943?timestamp=5.9999,1,,,,,,https://fathom.video/calls/648645943?timestamp=5.9999,Keren + Brady : Licensing Task ff ups,,,,,,,,,,,,,,,,,,,,,,,,,,,To Do,,,,,,
1205801040312777,doromind.com,inbox,1214818397628351,Email hiring team: require NY/CA licensure for new guide role,default_task,false,,2026-05-22,https://app.asana.com/1/1205801040312777/project/1208193100268936/task/1214818397628351,Brady Richards,Brady Richards,Recently assigned,2026-05-15T14:11:14.543Z,2026-05-14T21:17:43.556Z,Founders Backlog,All,fathom,Meeting: https://fathom.video/calls/667161635?timestamp=714.9999,1,,,,,,https://fathom.video/calls/667161635?timestamp=714.9999,Brady + Mimi,,,,,,,,,,,,,,,,,,,,,,,,,,,To Do,,,,,,
1205801040312777,doromind.com,inbox,1214583864042020,Email Pam re: Medicare/superbill; CC Kate + Minna; PCC Heather + Brittany; note ownership change + EOW update,default_task,false,,2026-05-12,https://app.asana.com/1/1205801040312777/task/1214583864042020,Brady Richards,Brady Richards,Recently assigned,2026-05-14T21:19:09.863Z,2026-05-06T17:11:41.756Z,,,fathom,Meeting: https://fathom.video/calls/664235980?timestamp=1374.9999,2,,,,,,https://fathom.video/calls/664235980?timestamp=1374.9999,Superbill touch base,,,,,,,,,,,,,,,,,,,,,,,,,,,In Progress,,,,,,
1205801040312777,doromind.com,inbox,1213888030028701,Email Rob re: half-in panel risk and next steps,default_task,false,,2026-05-22,https://app.asana.com/1/1205801040312777/task/1213888030028701,Brady Richards,Brady Richards,Recently assigned,2026-05-14T15:41:40.519Z,2026-03-31T18:58:52.801Z,,,,Meeting: https://fathom.video/calls/618885103,2,,,,,,https://fathom.video/calls/618885103,Milestones Jam,,,,,,,,,,,,,,,,,,,,,,,,,,,To Do,,,,,,
1205801040312777,doromind.com,inbox,1214450187035938,Email Stephanie re: retreat wrap-up notes; then Brady to pull Fathom recordings,default_task,false,,2026-05-15,https://app.asana.com/1/1205801040312777/task/1214450187035938,Brady Richards,Brady Richards,Recently assigned,2026-05-15T14:12:22.464Z,2026-05-01T14:35:35.511Z,,,fathom,Meeting: https://fathom.video/calls/658446467?timestamp=270.9999,2,,,,,,https://fathom.video/calls/658446467?timestamp=270.9999,Retreat debrief,,,,,,,,,,,,,,,,,,,,,,,,,,,To Do,,,,,,
1205801040312777,doromind.com,inbox,1213391104993513,Employment agreement for Mimi,default_task,false,,2026-05-15,https://app.asana.com/1/1205801040312777/project/1205896396814580/task/1213391104993513,Brady Richards,Brady Richards,Recently assigned,2026-05-15T14:12:23.632Z,2026-02-25T23:54:34.081Z,Post-Close Seed,(no section),,,2,,,,,,,,,,19cb4988f7ee737a,,,,,,,,,,,,,,,,,,,,,,,,To Do,,,,,,
1205801040312777,doromind.com,inbox,1214838445692846,eNPS,default_task,false,,2026-05-15,https://app.asana.com/1/1205801040312777/task/1214838445692846,Brady Richards,Brady Richards,Recently assigned,2026-05-15T14:28:47.420Z,2026-05-15T14:27:59.726Z,,,,https://form.jotform.com/261266930712153,,,,,,,,,,,,,,,,,,,,,,,,,,,,,,,,,,,In Progress,,,,,,
1205801040312777,doromind.com,inbox,1214269779556150,Enroll for BHT2026,default_task,false,,2026-05-15,https://app.asana.com/1/1205801040312777/project/1208193100268936/task/1214269779556150,Brady Richards,Brady Richards,Recently assigned,2026-05-15T14:12:21.717Z,2026-04-24T19:46:20.242Z,Founders Backlog,All,email,"https://mail.google.com/mail/#inbox/19dabaeaaa41656c

From: Behavioral Health Tech <hello@behavioralhealthtech.com>
To: Brady Richards <brady@doromind.com>

*Scholarship Application Received*

Hi Brady,

Thank you for your application for the Scholarship Program at the 2026 Behavioral Health Tech Conference!

We've received your application and it will be reviewed by a team member. Applications are reviewed on Fridays, on a weekly basis. 

Please do not hesitate to reach out with any questions you may have.

Thank you for your interest,

The Behavioral Health Tech Team",1,,,,,,,,,,19dabaeaaa41656c,,,,,,,,,,,,,,,,,,,,https://mail.google.com/mail/u/0/#inbox/19dabaeaaa41656c,,,,To Do,,,,,,
1205801040312777,doromind.com,inbox,1211210431584544,Figure out an approach for mail to Bedford Road,default_task,false,,2027-01-01,https://app.asana.com/1/1205801040312777/project/1205800803236052/task/1211210431584544,Brady Richards,Brady Richards,Recently assigned,2026-04-23T12:39:16.652Z,2025-09-02T14:17:31.187Z,Doro Backlog,All,,"We get at least some email at Dr Laitman's office at Bedford Road. So far, the only way I get those is to see Rob in person, as I did last Friday. We should:
    Try to get things sent to the Albany address
    Set up a process to get the mail from Bedford Road to Albany
",3,,,,,,,,,,,,,,,,,,,,,,,,,,,,,,,,,,Backlog,,,,,,
1205801040312777,doromind.com,inbox,1212667342689706,Figure out Asana for onboarding,default_task,false,,2026-05-22,https://app.asana.com/1/1205801040312777/project/1205800803236052/task/1212667342689706,Brady Richards,Brady Richards,Recently assigned,2026-05-14T15:41:40.030Z,2026-01-05T21:39:35.507Z,Doro Backlog,All,,"We've been moving away from Asana for the clinicians, but we still use it for onboarding. Need to either move onboarding somewhere else, or move people out of Asana when they're done onboarding.",3,,,,,,,,,,,,,,,,,,,,,,,,,,,,,,,,,,To Do,,,,,,
1205801040312777,doromind.com,inbox,1212006987061045,Fix cohort analysis; then integrate into Lightdash,default_task,false,,2026-05-22,https://app.asana.com/1/1205801040312777/project/1208260574168878/task/1212006987061045,Brady Richards,Mimi Liu,Recently assigned,2026-05-14T15:41:40.391Z,2025-11-20T17:18:51.945Z,Growth Backlog,Data,Fathom,"From meeting: Prospect X Scrum (https://fathom.video/calls/480334158)
Meeting time: 2025-11-20T16:45:00Z
Assigned to: Brady Richards
Task recording: https://fathom.video/calls/480334158?timestamp=1511.9999",8,,,,,,,,,,,,,,,,,,,,,,,,,,,,,,,,,,To Do,,,,,,
1205801040312777,doromind.com,inbox,1208260574168863,Follow up on Team Daniel /Laitman/Doro Mind/Clozapine/AOT/4Winds › Westchester Mental Health,default_task,false,,2026-07-01,https://app.asana.com/1/1205801040312777/project/1207106012329656/task/1208260574168863,Brady Richards,Mimi Liu,Recently assigned,2026-04-24T18:51:01.254Z,2024-09-09T16:14:28.747Z,Prospect Referral Funnel,Backlog,,"https://app.asana.com/0/0/1206077727195371 - Westchester Mental Health Commission

https://www.linkedin.com/in/michael-orth-1b4842179
914-995-5225
mailto:mmo6@westchestercountyny.gov

I (Minna) spoke to Michael at the Team Daniel picnic & shared our strong interest in connecting with families in the Westchester area.  He said he also used to be responsible for Putnam county & new all the adjacent county contacts too.

Sounds like a great person to connect with a clear ask on introductions in the area",3,,,,,,,,,,,,,,,,,,,,,,,,,,,,,,,,,,Backlog,,,,,,
1205801040312777,doromind.com,inbox,1214309736505044,Fwd: My FAMLI+ Employer: Annual Total Employees set by FAMLI: Confirmation,default_task,false,,2026-05-15,https://app.asana.com/1/1205801040312777/project/1208193100268936/task/1214309736505044,Brady Richards,Brady Richards,Recently assigned,2026-05-15T14:12:23.007Z,2026-04-27T16:27:19.347Z,Founders Backlog,All,email,"https://mail.google.com/mail/#inbox/19d78405b819f79f

From: Mimi Liu <mimi@doromind.com>
To: Brady Richards <brady@doromind.com>, Dhanica Urbano <dhanica@doromind.com>

---------- Forwarded message ---------

[chain history truncated]",1,,,,,,,,,,19d78405b819f79f,,,,,,,,,,,,,,,,,,,,https://mail.google.com/mail/u/0/#inbox/19d78405b819f79f,,,,To Do,,,,,,
1205801040312777,doromind.com,inbox,1214496620788126,Grant Courtney access to go/policies; then set up auto-redirect for go.doromind.com,default_task,false,,2026-05-15,https://app.asana.com/1/1205801040312777/task/1214496620788126,Brady Richards,Brady Richards,Recently assigned,2026-05-15T14:12:23.414Z,2026-05-04T14:03:41.391Z,,,fathom,Meeting: https://fathom.video/calls/658511583?timestamp=2136.9999,2,,,,,,https://fathom.video/calls/658511583?timestamp=2136.9999,Doro Mind Onboarding Welcome,,,,,,,,,,,,,,,,,,,,,,,,,,,To Do,,,,,,
1205801040312777,doromind.com,inbox,1214243004725179,Hannah stipend,default_task,false,,2026-06-01,https://app.asana.com/1/1205801040312777/project/1208193100268936/task/1214243004725179,Brady Richards,Brady Richards,Recently assigned,2026-05-07T14:18:22.766Z,2026-04-23T21:59:59.482Z,Founders Backlog,All,,"$2,250",1,,,,,,,,,,,,,,,,,,,,,,,,,,,,,,,,,,Scheduled,,,,,,
1205801040312777,doromind.com,inbox,1214243202167034,Hannah stipend,default_task,false,,2026-07-01,https://app.asana.com/1/1205801040312777/task/1214243202167034,Brady Richards,Brady Richards,Recently assigned,2026-04-24T01:25:16.560Z,2026-04-23T22:09:16.760Z,,,fathom,Meeting: https://fathom.video/calls/644043334?timestamp=77.9999,3,,,,,,https://fathom.video/calls/644043334?timestamp=77.9999,AI Jam,,,,,,,,,,,,,,,,,,,,,,,,,,,Scheduled,,,,,,
1205801040312777,doromind.com,inbox,1214076583201909,How do we shift from activities to experiments?,default_task,false,,2026-05-15,https://app.asana.com/1/1205801040312777/project/1213986131452648/task/1214076583201909,Brady Richards,Mimi Liu,Recently assigned,2026-05-15T14:12:24.329Z,2026-04-16T16:16:37.059Z,Retro 26.04 (Growth),Action Items,fathom,"    Establish health of the prospect funnel metrics
    Establish experiment infrastructure
",8,,,,,,,,,,,,,,,,,,,,,,,,,,,,,,,,,,To Do,,,,,,
1205801040312777,doromind.com,inbox,1213422294315434,How was Shayna and John's salary classified?,default_task,false,,2026-05-15,https://app.asana.com/1/1205801040312777/project/1210790210220910/task/1213422294315434,Brady Richards,Brady Richards,Recently assigned,2026-05-15T14:12:23.077Z,2026-02-24T15:48:48.663Z,Financial Model,Jan 2026 Closing Tasks,,,1,,,,,,,,,,19c97e0fa1608bb2,0.5,,,,,,,,,,,,,,,,,,,,,,,To Do,,,,,,
1205801040312777,doromind.com,inbox,1214818475311480,Identify and onboard additional support for NP adoption/ops,default_task,false,,2026-05-22,https://app.asana.com/1/1205801040312777/project/1208193100268936/task/1214818475311480,Brady Richards,Brady Richards,Recently assigned,2026-05-15T14:11:14.637Z,2026-05-14T21:17:09.570Z,Founders Backlog,All,fathom,Meeting: https://fathom.video/calls/668936440?timestamp=821.9999,8,,,,,,https://fathom.video/calls/668936440?timestamp=821.9999,Jessica + BM,,,,,,,,,,,,,,,,,,,,,,,,,,,To Do,,,,,,
1205801040312777,doromind.com,inbox,1213963512905175,Incorporate PC,default_task,false,,2026-05-15,https://app.asana.com/1/1205801040312777/project/1213924097303445/task/1213963512905175,Brady Richards,Brady Richards,Recently assigned,2026-05-15T14:12:20.803Z,2026-04-06T13:17:48.317Z,Open California,Launch Care,,,5,,,,,,,,,,,,,,,,,,,,,,,,,,,,,,,,,,To Do,,,,,,
1205801040312777,doromind.com,inbox,1213911482155439,Integrate NP on-call escalations into on-call tool; then roll out to NPs,default_task,false,,2026-05-22,https://app.asana.com/1/1205801040312777/task/1213911482155439,Brady Richards,Brady Richards,Recently assigned,2026-05-14T15:41:41.378Z,2026-04-02T19:04:20.093Z,,,fathom,Meeting: https://fathom.video/calls/622216442?timestamp=549.9999,8,,,,,,https://fathom.video/calls/622216442?timestamp=549.9999,Milestones Jam,,,,,,,,,,,,,,,,,,,,,,,,,,,To Do,,,,,,
1205801040312777,doromind.com,inbox,1214349981685883,Intro to Jamie from PLM,default_task,false,,2026-05-15,https://app.asana.com/1/1205801040312777/project/1208193100268936/task/1214349981685883,Brady Richards,Brady Richards,Recently assigned,2026-05-15T14:12:21.987Z,2026-04-28T14:10:12.943Z,Founders Backlog,All,,,1,,,,,,,,,,,,,,,,,,,,,,,,,,,,,,,,,,To Do,,,,,,
1205801040312777,doromind.com,inbox,1208642818529545,Introduce having many conversations via threads,default_task,false,,2027-01-01,https://app.asana.com/1/1205801040312777/project/1207761695017655/task/1208642818529545,Brady Richards,Brady Richards,Recently assigned,2026-04-23T12:39:39.991Z,2024-10-28T22:00:43.779Z,iOS & Android app experience,Milestones,,"The default Sendbird UI Kit in Flutter doesn't support threads (on their Q4 roadmap).

We need to reimplement the chat functionality to introduce thread functionality if we don't want to wait. https://app.asana.com/0/profile/1205800805645689 has done so in feature/advanced-chat .",3,,,,,,,,,,,,,,,,,,,,,,,,,,,,,,,,,,Backlog,,,,,,
1205801040312777,doromind.com,inbox,1213808500824579,Jacob Feldman,default_task,false,,2026-05-15,https://app.asana.com/1/1205801040312777/project/1207358508153084/task/1213808500824579,Brady Richards,Mimi Liu,Recently assigned,2026-05-15T14:12:21.661Z,2026-03-26T14:15:41.463Z,Hiring Funnel; Open California,All; Launch Care,,"Apr 3 - Jacob, Brady, Mimi met. Jacob wants to move forward.

Next steps - paperwork. Compensation - Give offer with larger equity component.",5,,,j1feldma@gmail.com,,,,,CA,,,,,,,,,,,,,,,,3 Moms,,,,MD,,,,Offer,,To Do,,,,,,
1205801040312777,doromind.com,inbox,1213994849506246,Jacob Feldman › Jacob comp offer,default_task,false,,2026-05-15,https://app.asana.com/1/1205801040312777/task/1213994849506246,Brady Richards,Mimi Liu,Recently assigned,2026-05-15T19:13:23.567Z,2026-04-09T15:01:17.716Z,,,fathom,"Email Jacob re: 1h/mo MVP, $150 + 0.1% equity; cash/equity mix revisitable",2,,,,,,,,,,19d975ba5eea9636 19e2974dc9028e1b,,,,,,,,,,,,,,,,,,,,,,,,In Progress,,,,,,
1205801040312777,doromind.com,inbox,1214062876516019,Kendra W shift to F/T hrs,default_task,false,,2026-05-14,https://app.asana.com/1/1205801040312777/project/1205800803236052/task/1214062876516019,Brady Richards,Minna C,Recently assigned,2026-05-15T19:23:08.804Z,2026-04-14T18:24:02.269Z,Doro Backlog,All,,"Kendra increased her weekly hours to F/T status with a total of 32hrs/week starting end of April. Here's the agreed to office/online hours:
M: 11am-5pm (6hrs)
T: 11am-5pm (6hrs)
W: 11am-6pm (7hrs)
R: 10am-5pm (7hrs)
F: 11am-5pm (6hrs)
Total hrs: 32hrs

Related to the shift to F/T hours there are 2 open employment related items:
    Thatch enrollment
        Shared and referred back to our https://docs.google.com/document/d/1VajOUFLqK19wYSK1OQDiEFgJqEqbs4AJydFRIYkkNqg/edit?tab=t.0#bookmark=id.pu52kq7oiacd
    Potential shift from hourly to salary (deferred until Kate ramps up)
",5,,,,,,,,,,,,,,,,,,,,,,,,,,,,,,,,,,In Progress,,,,,Care Team,
1205801040312777,doromind.com,inbox,1211470084657544,Learn about HARP,default_task,false,,2026-05-22,https://app.asana.com/1/1205801040312777/project/1205800803236052/task/1211470084657544,Brady Richards,Brady Richards,Recently assigned,2026-05-14T15:41:40.978Z,2025-09-25T17:14:08.113Z,Doro Backlog,All,,,3,,,,,,,,,,,,,,,,,,,,,,,,,,,,,,,,,,To Do,,,,,,
1205801040312777,doromind.com,inbox,1214150887576059,Log Healthfirst clinical + billing ops in Mina transition plan,default_task,false,,2026-05-22,https://app.asana.com/1/1205801040312777/task/1214150887576059,Brady Richards,Brady Richards,Recently assigned,2026-05-14T15:41:40.921Z,2026-04-21T14:04:40.206Z,,,fathom,Meeting: https://fathom.video/calls/641505922?timestamp=757.9999,2,,,,,,https://fathom.video/calls/641505922?timestamp=757.9999,Brady + Mimi,,,,,,,,,,,,,,,,,,,,,,,,,,,To Do,,,,,,
1205801040312777,doromind.com,inbox,1213561234210591,Look into Forms 3921 and 3922,default_task,false,,2026-05-15,https://app.asana.com/1/1205801040312777/task/1213561234210591,Brady Richards,Brady Richards,Recently assigned,2026-05-15T14:12:23.364Z,2026-03-05T20:52:57.262Z,,,,"Now that we've got our TCC, let's see if we need to file any of these",2,,,,,,,,,,,,,,,,,,,,,,,,,,,,,,,,,,To Do,,,,,,
1205801040312777,doromind.com,inbox,1213734491514594,Make a dashboard to value the current funnel,default_task,false,,2026-05-15,https://app.asana.com/1/1205801040312777/project/1205800803236052/task/1213734491514594,Brady Richards,Brady Richards,Recently assigned,2026-05-15T14:12:20.689Z,2026-03-19T15:27:36.013Z,Doro Backlog,All,,"With help from https://app.asana.com/1/1205801040312777/profile/1206673598426643, define a rubric for approximating the value of the prospect funnel in a given number of days. ",8,,,,,,,,,,,,,,,,,,,,,,,,,,,,,,,,,,To Do,,,,,,
1205801040312777,doromind.com,inbox,1206077727195328,Maria Roehmholdt,default_task,false,,2026-07-01,https://app.asana.com/1/1205801040312777/project/1207358508153084/task/1206077727195328,Brady Richards,Brady Richards,Recently assigned,2026-04-24T14:21:20.583Z,2024-02-07T21:31:10.213Z,Hiring Funnel,All,,"https://www.linkedin.com/in/maria-roehmholdt-33a11373?utm_source=share&utm_campaign=share_via&utm_content=profile&utm_medium=ios_app
3yrs at Stellar Health working with payers and ACOs on VBC offerings & arrangements
6yrs at https://www.healthscape.com/

First conversation with Maria on Tue 2/27/24 was almost entirely spent on Maria's questions about Doro Mind. Looking forward to learning more about Maria in our next conversation. Really like her passion for our mission. Next conversation is Thu 3/7.

Shared Q1 update with Maria. Reconnected Tue 5/21.

Next steps:
    Maria will reach back out during leave (EDD 7/3). Expect early Q4.
    Maria might consider bandwidth to consult in next month - light engagement then.
    Consulting - would need to run by Stellar

Mimi and Maria connected 12/17. She'd just listened to the 3 moms podcast. Newly reporting to Chad from Hopitals athena sales. Excited to learn from him.

Next steps:
    Check in late Q1.
",2,,,,,,,,IL,,,,,,,,,,,,,,,,Minna,,,,Business Dev,,,,Awareness,,Backlog,,,,,People,
1205801040312777,doromind.com,inbox,1214850108075304,Moderator's spam report for undeliverable@doromind.com,default_task,false,,,https://app.asana.com/1/1205801040312777/project/1208193100268936/task/1214850108075304,Brady Richards,Brady Richards,Recently assigned,2026-05-15T19:03:26.485Z,2026-05-15T19:03:24.398Z,Founders Backlog,All,email; undeliverable+managers,"https://mail.google.com/mail/#inbox/19e2d04fdb5666bf

From: noreply-spamdigest via Undeliverable <undeliverable@doromind.com>
To: Spam moderators <undeliverable+managers@doromind.com>

This message is being sent to you because you are a moderator of the group undeliverable.

The following suspicious messages were sent to your group, but are being held in your moderation queue because they are classified as likely spam messages.

If you take no action, all the messages below will be discarded automatically as spam.

However, if you see any messages that are not spam below, you may approve them individually by going to:

https://groups.google.com/a/doromind.com/group/undeliverable/pendmsg

Please do not mark this notification as spam; this is a service for group moderators. If you do not wish to receive these notifications in the future, you may change your preferences by going to:

https://groups.google.com/a/doromind.com/group/undeliverable/manage_post


------- 1 of 2  -------
Subject: [Unknown Recipient] LITHIUM - A HISTORY

[chain history truncated]",,,,,,,,,,,19e2d04fdb5666bf,,,,,,,,,,,,,,,,,,,,,,,,In Progress,,,,,,
1205801040312777,doromind.com,inbox,1213809703315970,Monthly Financial Statements (GAAP),default_task,false,,2026-05-15,https://app.asana.com/1/1205801040312777/project/1212878948060004/task/1213809703315970,Brady Richards,Dhanica Urbano,Recently assigned,2026-05-15T14:12:22.417Z,2026-03-26T13:28:06.945Z,Finances Backlog,Untitled section,,"Prepare and distribute monthly financial statements:

Deliverables:
- Income Statement (monthly)
- Cash Flow Statement (monthly)
- Balance Sheet (end of month)

Requirements:
- Prepared in accordance with GAAP
- If subsidiaries exist → include BOTH:
  - Consolidated financials
  - Consolidating financials

Send to: Major Investors
Deadline: Within 30 days after month-end",3,,,,,,,,,,,,,,,,,,,,,,,,,Doro,,,,,,,,Finance Close & Investor Reporting,To Do,,,,,,
1205801040312777,doromind.com,inbox,1213736932818740,Move GTM/segmentation context into Growth Strategy doc,default_task,false,,2026-05-22,https://app.asana.com/1/1205801040312777/task/1213736932818740,Brady Richards,Brady Richards,Recently assigned,2026-05-14T15:41:41.555Z,2026-03-19T19:01:01.700Z,,,,"Meeting: Milestones Jam
Link: https://fathom.video/calls/605399123?timestamp=1482.9999",2,,,,,,,,,,,,,,,,,,,,,,,,,,,,,,,,,,To Do,,,,,,
1205801040312777,doromind.com,inbox,1212584292665584,ORI Institutional Assurance & Annual Report › Confirm Research Misconduct Policy Status,default_task,false,,2026-05-15,https://app.asana.com/1/1205801040312777/task/1212584292665584,Brady Richards,Dhanica Urbano,Recently assigned,2026-05-15T14:12:22.695Z,2025-12-24T19:44:32.009Z,,,,"(Critical compliance requirement)
Subtasks:
    Determine whether Doro Mind has a formal research misconduct policy
    Answer the policy question in the ORI form:
        If YES → Upload policy and procedures
        If NO and qualifies as small institution (≤50 employees) → Upload Small Institution Statement
    Verify uploaded document meets ORI requirements
",2,,,,,2026-04-30T00:00:00.000Z,,,,,,,,,,,,,,,,,,,,,,,,,,,,,To Do,,,,,,
1205801040312777,doromind.com,inbox,1212584290409503,ORI Institutional Assurance & Annual Report › Prepare to Submit the ORI Annual Report,default_task,false,,2026-05-15,https://app.asana.com/1/1205801040312777/task/1212584290409503,Brady Richards,Dhanica Urbano,Recently assigned,2026-05-15T14:11:29.904Z,2025-12-24T19:42:33.239Z,,,slack,"Deadline: April 30, 2026
Window opens: January 1, 2026
Subtasks:
    Confirm calendar year covered = Jan 1–Dec 31, 2025
    Identify the responsible Institutional Official (IO)
    Confirm IO has active ORI system access
    Calendar internal deadlines (recommended: submit by April 15, 2026)
",5,,,,,,,,,,,,,,,,,,,,,,,,,,,,,,,,,,To Do,,,,,,
1205801040312777,doromind.com,inbox,1213509825923252,"Partnerships: NAMI, etc.",default_task,false,,2026-08-01,https://app.asana.com/1/1205801040312777/project/1208260574168878/task/1213509825923252,Brady Richards,Mimi Liu,Recently assigned,2026-05-11T18:07:30.234Z,2026-03-03T12:47:40.471Z,Growth Backlog,Partnerships,Discuss,"Revenue ROI Thesis: 
Targeted ICP populations should result in higher quality referrals.

Association may increase trust in Doro Brand translating to easier conversions.

Measurement Plan (26Q1): 


Notes: 


Next Steps:",5,,,,,,,,,,,,,,,,,,,,,,,,,,,,,,,,,,Backlog,,,,,,
1205801040312777,doromind.com,inbox,1214847034378559,Pause Rob time-tracking rollout; notify Danica,default_task,false,,,https://app.asana.com/1/1205801040312777/task/1214847034378559,Brady Richards,Brady Richards,Recently assigned,2026-05-15T16:50:50.973Z,2026-05-15T16:50:49.007Z,,,fathom,Meeting: https://fathom.video/calls/674766728?timestamp=879.9999,,,,,,,https://fathom.video/calls/674766728?timestamp=879.9999,Brady / Mimi,,,,,,,,,,,,,,,,,,,,,,,,,,,In Progress,,,,,,
1205801040312777,doromind.com,inbox,1213509825923251,PR / earned media,default_task,false,,2027-01-01,https://app.asana.com/1/1205801040312777/project/1208260574168878/task/1213509825923251,Brady Richards,Mimi Liu,Recently assigned,2026-04-23T12:39:09.242Z,2026-03-03T12:47:40.448Z,Growth Backlog,Media + Events,,"Revenue ROI Thesis: 
Potentially not worth the cost right now??

Measurement Plan (26Q1): 


Notes: 


Next Steps:",13,,,,,,,,,,,,,,,,,,,,,,,,,,,,,,,,,,Backlog,,,,,,
1205801040312777,doromind.com,inbox,1214622517131307,Privacy policy update and JotForm disclosures for compliance,default_task,false,,2026-05-15,https://app.asana.com/1/1205801040312777/task/1214622517131307,Brady Richards,Brady Richards,Recently assigned,2026-05-15T14:12:21.104Z,2026-05-07T21:27:07.837Z,,,slack,"From Jon in #how-we-work
https://slack.com/archives/C0741FBFJQ0/p1777660868440319

the rejection reason is:
```Upstream CNP declined sharing request for campaign C7ULFSF. Rejection Category: DISALLOWED_CONTENT, CALL_TO_ACTION. Explanation: Disallowed Content (Third Party Data Sharing). Call to Action states Jot form is used to collect opt-in, Webform requires TN; update CTA/missing disclaimer (msg frequency, msg and data rates may apply, and HELP/STOP instructions are missing from webform disclosures. IB```
i asked Gemini to help me parse this and it says we need to:
1. Update our privacy policy to say _""Mobile information will not be shared with third parties/affiliates for marketing/promotional purposes. All the above categories exclude text messaging originator opt-in data and consent; this information will not be shared with any third parties.""_
2. Update the jotform where we collect phone numbers with three pieces of info: msg frequency, ""msg and data rates may apply"", and HELP/STOP instructions
after we do those, i can resubmit.

@Stephanie are you the right person to do these things?",5,,,,,,,,,,,,,,,,,,,,,,,,,,,,,,,,,,To Do,,,,,,
1205801040312777,doromind.com,inbox,1213391445374113,Professional Liability Insurance Renewal Notice & Invoice,default_task,false,,2026-05-15,https://app.asana.com/1/1205801040312777/project/1205800803236052/task/1213391445374113,Brady Richards,Brady Richards,Recently assigned,2026-05-15T14:12:22.609Z,2026-02-24T23:06:10.435Z,Doro Backlog; Financial Model,All; Untitled section,,"[Bedford Road Medical P.C., CM&F Group, MedPro Group, Insurance Renewal Notice, 01-20-2026.pdf](https://drive.google.com/file/d/1wLm7UjkMf-gPjysFjC05YNe26pLDQcP-/view?usp=sharing)  
Receiver Name: Bedford Road Medical P.C.  
Date of Mail: 01/20/2026  
Title: Professional Liability Insurance Renewal Notice & Invoice  
Summary: CM&F Group / MedPro Group notice regarding renewal of professional liability insurance policy #L62929 with renewal due by 04/22/2026. Estimated renewal premium is $11,450.00, reflecting a $1,314 (13%) increase from the prior term; payment must be received by the renewal date to avoid lapse of coverage. Online renewal is available, and policy changes are ",2,,,,,2026-04-22T00:00:00.000Z,,,,,19c05c81795b79d019c05c81795b79d0,,,,,,,,,,,,,,,,,,,,,,,,To Do,,,,,,
1205801040312777,doromind.com,inbox,1214716053769103,Provide a computer,default_task,false,,2026-05-15,https://app.asana.com/1/1205801040312777/project/1207450518818752/task/1214716053769103,Brady Richards,Keren Policarpio,Recently assigned,2026-05-15T13:56:09.119Z,2026-05-11T18:10:51.946Z,New Hire Onboarding Funnel; Onboarding Task [Lindsey Schupp],Untitled section; Doro Admin,not-advisor,"New Machines

We’re buying from our https://ecommerce.apple.com (Brady and Mimi have logins); this should mean that machines start enrolled in our MDM. 

We are optimizing for value and RAM so these machines remain usable for longer.

Most Employees: 
We currently buy a Macbook Pro - 14.2” M3 Pro 18GB, 11-core CPU, 14-core GPU, 512GB SSD with 3-Year Apple+ Care. When purchasing, first see if they have https://ecommerce2.apple.com/asb2bstorefront/asb2b/en/USD/template/summary?code=2002322238 (part FRX33LL/A or FRX63LL/A for silver); if not, here are quick links for new https://ecommerce2.apple.com/asb2bstorefront/asb2b/en/USD/template/details?code=2002281172 or https://ecommerce2.apple.com/asb2bstorefront/asb2b/en/USD/template/details?code=2002281173 models.

Budget: $2,200 for standard issue (including 3-year Apple+ Care and taxes).

Engineers: 
We currently buy a 14"" Apple M4 Max, 64GB RAM, 1TB SSD, with 3-Year Apple+ Care.

Budget: $4,400 (including 3-year Apple+ Care and taxes).

Redeploying

Follow the https://docs.google.com/document/d/1tEv7vTowOUow1PFClp7PrOWm2OKzNM0fXn9eM-cDhBo/edit?tab=t.0#heading=h.5skwg29uh4ab steps to re-assign the machine to the new hire.

If you end up needing to ship a computer yourself, the postage command (ask Brady) will take care of it.",2,,,,,,,,,,,,,,,,,,,,,,,,,,,,,,,,,,Blocked,,,,,,
1205801040312777,doromind.com,inbox,1214715791338812,Provide a computer › Check in on computer,default_task,false,,2026-05-18,https://app.asana.com/1/1205801040312777/task/1214715791338812,Brady Richards,Keren Policarpio,Recently assigned,2026-05-15T13:56:02.835Z,2026-05-11T18:10:53.341Z,,,,"~/doro/desktop-engineering/bin/desktop_machine_status : check things look OK, nothing is red",1,,,,,,,,,,,,,,,,,,,,,,,,,,,,,,,,,,Blocked,,,,,,
1205801040312777,doromind.com,inbox,1213809703315981,Quarterly Balance Sheet (GAAP),default_task,false,,2026-05-15,https://app.asana.com/1/1205801040312777/project/1212878948060004/task/1213809703315981,Brady Richards,Dhanica Urbano,Recently assigned,2026-05-15T14:12:22.050Z,2026-03-26T13:35:04.029Z,Finances Backlog,Untitled section,,"Prepare unaudited balance sheet as of quarter-end.

Requirements:
- GAAP compliant
- Include consolidated + consolidating if subsidiaries exist

Subtasks:
    Validate quarter close
    Generate balance sheet
    Consolidation check
    Internal review
    Send to investors

Deadline: Within 45 days after quarter-end",3,,,,,,,,,,,,,,,,,,,,,,,,,Doro,,,,,,,,Finance Close & Investor Reporting,To Do,,,,,,
1205801040312777,doromind.com,inbox,1213809703315987,Quarterly Cap Table / Carta Update,default_task,false,,2026-05-15,https://app.asana.com/1/1205801040312777/project/1212878948060004/task/1213809703315987,Brady Richards,Dhanica Urbano,Recently assigned,2026-05-15T14:12:20.748Z,2026-03-26T13:37:42.660Z,Finances Backlog,Untitled section,,"Provide cap table sufficient for Major Investors to calculate ownership.

Options:
- Updated cap table export OR
- Confirm Carta access is up to date

Subtasks:
    Update equity records
    Sync Carta
    Validate ownership %
    Share access / export
    Confirm delivery

Deadline: Within 45 days after quarter-end",2,,,,,,,,,,,,,,,,,,,,,,,,,Doro,,,,,,,,Finance Close & Investor Reporting,To Do,,,,,,
1205801040312777,doromind.com,inbox,1212699156866514,Re-establish Chase account for Bedford Road Medical,default_task,false,,2026-05-15,https://app.asana.com/1/1205801040312777/project/1208193100268936/task/1212699156866514,Brady Richards,Dhanica Urbano,Recently assigned,2026-05-15T14:12:22.867Z,2026-01-07T18:15:24.591Z,Founders Backlog; Bill through BRM,All; Untitled section,,,3,,,,,,,,,,,0.3,,,,,,,,,,,,,,,,,,,,,,,To Do,,,,,,
1205801040312777,doromind.com,inbox,1213821506335890,Re-issue older grants,default_task,false,,2026-05-18,https://app.asana.com/1/1205801040312777/project/1205896396814580/task/1213821506335890,Brady Richards,Brady Richards,Recently assigned,2026-05-15T14:02:27.439Z,2026-03-26T17:01:10.779Z,Post-Close Seed,(no section),,"Basically, there were a few grants that we committed to but didn't issue before we signed our term sheet. This makes issuing the options complicated, so we're working through it with counsel.",8,,,,,,,,,,19cb4988f7ee737a,,,,,,,,,,,,,,,,,,,,,,,,Blocked,,,,,,
1205801040312777,doromind.com,inbox,1213402983318283,Reconcile ~$6k personal-card travel; create reimbursement spreadsheet › Check Pilot re: Mimi's personal-card travel categorization,default_task,false,,2026-05-15,https://app.asana.com/1/1205801040312777/project/1210790210220910/task/1213402983318283,Brady Richards,Brady Richards,Recently assigned,2026-05-15T14:12:21.422Z,2026-02-28T02:23:18.879Z,Financial Model,Untitled section,,https://fathom.video/share/6ywAcgMF12xcs2zAeF_ErxNq8Pk7BtLr?timestamp=1469.9999,2,,,,,,,,,,,,,,,,,,,,,,,,,,,,,,,,,,To Do,,,,,,
1205801040312777,doromind.com,inbox,1214715791237611,Record equity,default_task,false,,2026-05-15,https://app.asana.com/1/1205801040312777/project/1214716051135933/task/1214715791237611,Brady Richards,Dhanica Urbano,Recently assigned,2026-05-15T14:12:24.263Z,2026-05-11T18:10:45.332Z,Onboarding Task [Lindsey Schupp],Doro Admin,,"If there’s an option grant in the agreement, enter it in https://docs.google.com/spreadsheets/d/1bI8Lo69cXOM72p1EXnWlY-EMteYT2Zzg5oUfCyFZHwc/edit?usp=drive_link. Specifically, there should be a line with ""Offered"" that matches the signed agreement. Check that amount, date, vesting schedule, email and state match what's in the agreement.

Change status from ""Offered"" to ""Pending"", and paste a link to the employment agreement into the Agreement column.

At some future point, it’ll be queued up by Orrick for the board to officially approve, at which point Orrick will enter it in Carta.",2,,,,,,,,,,,,,,,,,,,,,,,,,,,,,,,,,,To Do,,,,,,
1205801040312777,doromind.com,inbox,1213911482180761,Research CT collaborative practice agreement; then contact CT MD to set up,default_task,false,,2026-05-22,https://app.asana.com/1/1205801040312777/task/1213911482180761,Brady Richards,Brady Richards,Recently assigned,2026-05-14T15:41:41.089Z,2026-04-02T19:04:48.775Z,,,fathom,Meeting: https://fathom.video/calls/622216442?timestamp=549.9999,5,,,,,,https://fathom.video/calls/622216442?timestamp=549.9999,Milestones Jam,,,,,,,,,,,,,,,,,,,,,,,,,,,To Do,,,,,,
1205801040312777,doromind.com,inbox,1213911434262906,Research CT Medicaid prescribing registries; then document steps,default_task,false,,2026-05-22,https://app.asana.com/1/1205801040312777/task/1213911434262906,Brady Richards,Brady Richards,Recently assigned,2026-05-14T15:41:40.808Z,2026-04-02T19:04:40.714Z,,,fathom,Meeting: https://fathom.video/calls/622216442?timestamp=549.9999,5,,,,,,https://fathom.video/calls/622216442?timestamp=549.9999,Milestones Jam,,,,,,,,,,,,,,,,,,,,,,,,,,,To Do,,,,,,
1205801040312777,doromind.com,inbox,1214711250828321,Resolve Brittany's Doro Mind Team Guide action item (new-hires applicability),default_task,false,,2026-05-22,https://app.asana.com/1/1205801040312777/project/1208193100268936/task/1214711250828321,Brady Richards,Brady Richards,Recently assigned,2026-05-14T15:41:40.088Z,2026-05-11T15:54:08.997Z,Founders Backlog,All,,"Brittany Troupe assigned Brady an action item in Doro Mind Team Guide doc re: applies-to-new-hires comment; should the doc call out differences between Care Team and non-Care Team folks?

Source: https://mail.google.com/mail/u/0/#all/19e091dbeebcee04
Received: 2026-05-08",2,,,,,,,,,,19e091dbeebcee04,,,,,,,,,,,,,,,,,,,,,,,,To Do,,,,,,
1205801040312777,doromind.com,inbox,1213647785858368,Review CA prescribing paperwork; finalize Amy–John contract,default_task,false,,2026-05-15,https://app.asana.com/1/1205801040312777/task/1213647785858368,Brady Richards,Brady Richards,Recently assigned,2026-05-15T14:12:21.561Z,2026-03-12T18:42:08.071Z,,,,"Meeting: Milestones Jam
Link: https://fathom.video/calls/596797439?timestamp=589.9999",3,,,,,,,,,,,,,,,,,,,,,,,,,,,,,,,,,,To Do,,,,,,
1205801040312777,doromind.com,inbox,1214818312661142,Review consolidated message schema and align to email work,default_task,false,,2026-05-22,https://app.asana.com/1/1205801040312777/project/1208193100268936/task/1214818312661142,Brady Richards,Brady Richards,Recently assigned,2026-05-15T14:11:14.556Z,2026-05-14T21:17:25.724Z,Founders Backlog,All,fathom,Meeting: https://fathom.video/calls/667091491?timestamp=472.9999,3,,,,,,https://fathom.video/calls/667091491?timestamp=472.9999,Eng Huddle,,,,,,,,,,,,,,,,,,,,,,,,,,,To Do,,,,,,
1205801040312777,doromind.com,inbox,1213802525181199,Review Miguel's Feb/Mar Rippling payroll; correct over/underpayments,default_task,false,,2026-05-15,https://app.asana.com/1/1205801040312777/project/1213818661314260/task/1213802525181199,Brady Richards,Brady Richards,Recently assigned,2026-05-15T14:12:21.872Z,2026-03-24T23:23:31.934Z,Employees,Untitled section,fathom,Meeting: https://fathom.video/calls/610256805,3,,,,,,,,,,,,,,,,,,,,,,,,,,,,,,,,,,To Do,,,,,,
1205801040312777,doromind.com,inbox,1214775915609870,Review OOO Policy/SOP,default_task,false,,2026-05-14,https://app.asana.com/1/1205801040312777/task/1214775915609870,Brady Richards,Kate Douglas,Recently assigned,2026-05-14T13:33:46.605Z,2026-05-13T14:36:25.153Z,,,,"Before I ""finalize"" this and share with the team, https://app.asana.com/1/1205801040312777/profile/1205800805645689wondering if you'd like to review (no need but wanted to give you the opportunity if you did want to take a look) - see first ""updated"" tab. Looking to circulate with team by end of this week if possible (5/15).  Thanks
https://docs.google.com/document/d/1jSYo2MNxnTI5PakEjocBlucVQO4XdwFZ-Xz8Y5msoPk/edit?tab=t.lp3wr5iui95f#heading=h.n1bpqvqmmb6b",1,,,,,,,,,,,,,,,,,,,,,,,,,,,,,,,,,,In Progress,,,,,,
1205801040312777,doromind.com,inbox,1213832307935989,Review quarterly update + DRI sheet; add missing Asana projects/tasks,default_task,false,,2026-05-22,https://app.asana.com/1/1205801040312777/task/1213832307935989,Brady Richards,Brady Richards,Recently assigned,2026-05-14T15:41:41.789Z,2026-03-27T15:30:45.450Z,,,,Meeting: https://fathom.video/calls/615762516,3,,,,,,,,,,,,,,,,,,,,,,,,,,,,,,,,,,To Do,,,,,,
1205801040312777,doromind.com,inbox,1214089567618727,Revise Q2 plan: add Catalyst; clarify service-design hypothesis; share w/ team,default_task,false,,2026-05-22,https://app.asana.com/1/1205801040312777/task/1214089567618727,Brady Richards,Brady Richards,Recently assigned,2026-05-14T15:41:41.313Z,2026-04-16T19:04:58.704Z,,,fathom,Meeting: https://fathom.video/calls/638626662?timestamp=263.9999,8,,,,,,https://fathom.video/calls/638626662?timestamp=263.9999,Milestones Jam,,,,,,,,,,,,,,,,,,,,,,,,,,,To Do,,,,,,
1205801040312777,doromind.com,inbox,1209057271988399,"Revisit patient eligibility criteria, approach and strategy",default_task,false,,2027-01-01,https://app.asana.com/1/1205801040312777/project/1205800803236052/task/1209057271988399,Brady Richards,Brady Richards,Recently assigned,2026-04-23T12:39:30.241Z,2024-12-30T08:39:23.572Z,Doro Backlog; Policies,All; (no section),,"From https://fathom.video/calls/202294299?tab=summary&timestamp=557.0 conversation:

Tension between Dr. Laban's strict approach (clozapine-focused) vs. Doro Mind's broader ""meet you where you are"" philosophy.

Potential trade-offs: higher access rates but increased churn and lower conversion with stricter approach.",8,,,,,,,,,,,,,,,,,,,,,,,,,,,,,,,,,,Backlog,,,,,,
1205801040312777,doromind.com,inbox,1211030145295008,Rollup vs. projection product line modeling,default_task,false,,2026-05-15,https://app.asana.com/1/1205801040312777/project/1210790210220910/task/1211030145295008,Brady Richards,Brady Richards,Recently assigned,2026-05-15T14:12:21.484Z,2025-08-12T13:51:43.244Z,Financial Model,Longer Term,,,8,,,,,,,,,,,,,,,,,,,,,,,,,,,,,,,,,,To Do,,,,,,
1205801040312777,doromind.com,inbox,1214818475395473,Schedule call w/ Pam re: Medicare super bills; include Mina,default_task,false,,2026-05-22,https://app.asana.com/1/1205801040312777/project/1208193100268936/task/1214818475395473,Brady Richards,Brady Richards,Recently assigned,2026-05-15T14:11:14.650Z,2026-05-14T21:17:32.854Z,Founders Backlog,All,fathom,Meeting: https://fathom.video/calls/667161635?timestamp=714.9999,1,,,,,,https://fathom.video/calls/667161635?timestamp=714.9999,Brady + Mimi,,,,,,,,,,,,,,,,,,,,,,,,,,,To Do,,,,,,
1205801040312777,doromind.com,inbox,1213743877869037,Schedule follow-up w/ Rob re: notes-to-system integration; draft pain points/solutions,default_task,false,,2026-05-15,https://app.asana.com/1/1205801040312777/project/1208193100268936/task/1213743877869037,Brady Richards,Mimi Liu,Recently assigned,2026-05-15T14:12:23.716Z,2026-03-20T14:21:20.554Z,Founders Backlog,All,Fathom,"From meeting: Rob + Ann + Doro Mind  (https://fathom.video/calls/606761995)
Meeting time: 2026-03-20T12:30:00Z
Assigned to: Mimi Liu
Task recording: https://fathom.video/calls/606761995?timestamp=5438.625446

Work torwards following up virtually week of 4/13 and/or 4/20, in person week of 4/27 (retreat).
Meeting with Jessica and Jon to hand off.",3,,,,,,,,,,,,,,,,,,,,,,,,,,,,,,,,,,To Do,,,,,,
1205801040312777,doromind.com,inbox,1213886149144483,Schedule huddle w/ Stephanie re: Concierge data flow; then run spike,default_task,false,,2026-05-22,https://app.asana.com/1/1205801040312777/task/1213886149144483,Brady Richards,Brady Richards,Recently assigned,2026-05-14T15:41:39.974Z,2026-03-31T16:16:20.497Z,,,,Meeting: https://fathom.video/calls/618884817,5,,,,,,https://fathom.video/calls/618884817,Prospect X Scrum,,,,,,,,,,,,,,,,,,,,,,,,,,,To Do,,,,,,
1205801040312777,doromind.com,inbox,1213997633441114,Schedule licensing operational series w/ Kate; invite Hannah,default_task,false,,2026-05-22,https://app.asana.com/1/1205801040312777/task/1213997633441114,Brady Richards,Brady Richards,Recently assigned,2026-05-14T15:41:39.856Z,2026-04-09T19:12:08.583Z,,,fathom,Meeting: https://fathom.video/calls/629554065?timestamp=100.9999,2,,,,,,https://fathom.video/calls/629554065?timestamp=100.9999,Milestones Jam,,,,,,,,,,,,,,,,,,,,,,,,,,,To Do,,,,,,
1205801040312777,doromind.com,inbox,1214818397929333,Schedule staffing/budget walkthrough w/ Kate; invite Mimi,default_task,false,,2026-05-22,https://app.asana.com/1/1205801040312777/project/1208193100268936/task/1214818397929333,Brady Richards,Brady Richards,Recently assigned,2026-05-15T14:11:14.682Z,2026-05-14T21:16:37.500Z,Founders Backlog,All,fathom,Meeting: https://fathom.video/calls/672577737?timestamp=521.9999,1,,,,,,https://fathom.video/calls/672577737?timestamp=521.9999,Onboarding sync,,,,,,,,,,,,,,,,,,,,,,,,,,,To Do,,,,,,
1205801040312777,doromind.com,inbox,1213911766371542,Schedule sync w/ Patrick re: data/reporting,default_task,false,,2026-05-22,https://app.asana.com/1/1205801040312777/task/1213911766371542,Brady Richards,Brady Richards,Recently assigned,2026-05-14T15:41:41.437Z,2026-04-02T19:54:28.319Z,,,fathom,Meeting: https://fathom.video/calls/621838753?timestamp=229.9999,1,,,,,,https://fathom.video/calls/621838753?timestamp=229.9999,Firm Health: Growth,,,,,,,,,,,,,,,,,,,,,,,,,,,To Do,,,,,,
1205801040312777,doromind.com,inbox,1214377792874287,Scrub monthly OPEX to $240k/mo; share plan w/ team,default_task,false,,2026-05-15,https://app.asana.com/1/1205801040312777/task/1214377792874287,Brady Richards,Brady Richards,Recently assigned,2026-05-15T14:12:22.956Z,2026-04-28T19:03:00.463Z,,,fathom,Meeting: https://fathom.video/calls/651702856?timestamp=4549.9999,5,,,,,,https://fathom.video/calls/651702856?timestamp=4549.9999,Track 2: Strategy: Decrease Cost to Serve & Catalyst,,,,,,,,,,,,,,,,,,,,,,,,,,,To Do,,,,,,
1205801040312777,doromind.com,inbox,1213818906334371,Send Approved Budget to Investors,default_task,false,,2027-01-10,https://app.asana.com/1/1205801040312777/project/1212878948060004/task/1213818906334371,Brady Richards,Dhanica Urbano,Recently assigned,2026-05-07T19:55:58.149Z,2026-03-26T13:44:31.561Z,Finances Backlog,Untitled section,,"Send Board-approved annual budget to major investors.

Timing:
- As soon as practicable after approval

Subtasks:
    Confirm Board approval
    Finalize document
    Send to investors
    Log distribution
",1,,,,,,,,,,,,,,,,,,,,,,,,,Doro,,,,,,,,Finance Close & Investor Reporting,Scheduled,,,,,,
1205801040312777,doromind.com,inbox,1214818488741893,Send Asana nudges to Mimi for admin items,default_task,false,,2026-05-15,https://app.asana.com/1/1205801040312777/project/1208193100268936/task/1214818488741893,Brady Richards,Brady Richards,Recently assigned,2026-05-15T14:08:34.732Z,2026-05-14T21:16:59.266Z,Founders Backlog,All,fathom,Meeting: https://fathom.video/calls/672535251?timestamp=82.9999,1,,,,,,https://fathom.video/calls/672535251?timestamp=82.9999,Brady + Mimi,,,,,,,,,,,,,,,,,,,,,,,,,,,Backlog,,,,,,
1205801040312777,doromind.com,inbox,1214616714911904,"Send Colleen a vesting pause letter, re-evaluate Jul 6",default_task,false,,2026-05-15,https://app.asana.com/1/1205801040312777/task/1214616714911904,Brady Richards,Brady Richards,Recently assigned,2026-05-15T14:12:21.611Z,2026-05-07T17:20:06.637Z,,,slack,"From Mimi in #C08EU2RMU6P
https://slack.com/archives/C08EU2RMU6P/p1778164606759749

@Brady Is there a task for getting our next round of board approvals done? I wonder if it's worth doing something like what we did for Corbin where we pay Colleen out for her hours vs bother with the grant given how short...",3,,,,,,,,,,19e229df38910986,,,,,,,,,,,,,,,,,,,,,,,,To Do,,,,,,
1205801040312777,doromind.com,inbox,1214554470653849,Send Kate CT provisional licensing guidance (counsel + state links),default_task,false,,2026-05-15,https://app.asana.com/1/1205801040312777/task/1214554470653849,Brady Richards,Brady Richards,Recently assigned,2026-05-15T14:12:21.027Z,2026-05-05T19:04:07.017Z,,,fathom,Meeting: https://fathom.video/calls/662454607?timestamp=0.0,3,,,,,,https://fathom.video/calls/662454607?timestamp=0.0,Brady + Kate,,,,,,,,,,,,,,,,,,,,,,,,,,,To Do,,,,,,
1205801040312777,doromind.com,inbox,1214716053769110,Send welcome package,default_task,false,,2026-05-15,https://app.asana.com/1/1205801040312777/project/1214716051135933/task/1214716053769110,Brady Richards,Keren Policarpio,Recently assigned,2026-05-15T13:56:12.539Z,2026-05-11T18:10:52.206Z,Onboarding Task [Lindsey Schupp],Doro Admin,w-2 only,"    https://docs.google.com/document/d/1zJwf9Plfammr486gXBAYcswEAoDmGtbjIBLZycXPxck/edit?usp=drive_link
    Hat
    Book 
    Button: 2 x round, 1 x jelly bean
    Stickers: 5 x round, 5 x jelly bean
    Magnet: 2 x

Put it in a medium flat rate box, ship via https://usps.com",2,,,,,,,,,,,,,,,,,,,,,,,,,,,,,,,,,,Blocked,,,,,,
1205801040312777,doromind.com,inbox,1214818680378251,Share GCP CLI access w/ Mimi; then Mimi migrate OOO hack,default_task,false,,2026-05-22,https://app.asana.com/1/1205801040312777/project/1208193100268936/task/1214818680378251,Brady Richards,Brady Richards,Recently assigned,2026-05-15T14:11:14.604Z,2026-05-14T21:16:51.639Z,Founders Backlog,All,fathom,Meeting: https://fathom.video/calls/672535251?timestamp=82.9999,2,,,,,,https://fathom.video/calls/672535251?timestamp=82.9999,Brady + Mimi,,,,,,,,,,,,,,,,,,,,,,,,,,,To Do,,,,,,
1205801040312777,doromind.com,inbox,1214641081871211,Share structured OKRs doc w/ Kate,default_task,false,,2026-05-22,https://app.asana.com/1/1205801040312777/task/1214641081871211,Brady Richards,Brady Richards,Recently assigned,2026-05-15T14:11:15.291Z,2026-05-08T14:40:47.727Z,,,fathom,Meeting: https://fathom.video/calls/665246569?timestamp=589.9999,1,,,,,,https://fathom.video/calls/665246569?timestamp=589.9999,Onboarding,,,,,,,,,,,,,,,,,,,,,,,,,,,To Do,,,,,,
1205801040312777,doromind.com,inbox,1214738505896844,Sign Bill Wickline NDA and send Western Alliance diligence docs (w/ Mimi),default_task,false,,2026-05-22,https://app.asana.com/1/1205801040312777/project/1208193100268936/task/1214738505896844,Brady Richards,Brady Richards,Recently assigned,2026-05-14T15:41:39.792Z,2026-05-12T13:01:24.740Z,Founders Backlog,All,,"From email (Bill Wickline): NDA + starting diligence list; asks Brady/Mimi to sign and provide docs.

Source: https://mail.google.com/mail/u/0/#all/19e17f05981d2e62
Gmail Thread Id: 19df90263ee6b434
Received: 2026-05-11",5,,,,,,,,,,19df90263ee6b434,,,,,,,,,,,,,,,,,,,,,,,,To Do,,,,,,
1205801040312777,doromind.com,inbox,1213963512905176,Sign MSA,default_task,false,,2026-06-05,https://app.asana.com/1/1205801040312777/project/1213924097303445/task/1213963512905176,Brady Richards,Brady Richards,Recently assigned,2026-05-14T19:30:18.925Z,2026-04-06T13:17:57.577Z,Open California,Launch Care,,,1,,,,,,,,,,,,,,,,,,,,,,,,,,,,,,,,,,Blocked,,,,,,
1205801040312777,doromind.com,inbox,1214818680378269,Sign venture debt NDA; send Qs to lender,default_task,false,,2026-05-22,https://app.asana.com/1/1205801040312777/project/1208193100268936/task/1214818680378269,Brady Richards,Brady Richards,Recently assigned,2026-05-15T14:11:14.671Z,2026-05-14T21:16:54.492Z,Founders Backlog,All,fathom,Meeting: https://fathom.video/calls/672535251?timestamp=82.9999,3,,,,,,https://fathom.video/calls/672535251?timestamp=82.9999,Brady + Mimi,,,,,,,,,,,,,,,,,,,,,,,,,,,To Do,,,,,,
1205801040312777,doromind.com,inbox,1213402983318291,SLT retreat expectations,default_task,false,,2026-05-22,https://app.asana.com/1/1205801040312777/task/1213402983318291,Brady Richards,Brady Richards,Recently assigned,2026-05-14T15:58:21.215Z,2026-02-28T02:23:19.429Z,,,,"WATCH: https://fathom.video/share/6ywAcgMF12xcs2zAeF_ErxNq8Pk7BtLr?timestamp=3758.9999

Email SLT re: quarterly in-person retreats
Request calendar holds",1,,,,,,,,,,,,,,,,,,,,,,,,,,,,,,,,,,To Do,,,,,,
1205801040312777,doromind.com,inbox,1213251762901364,State Income Tax Prep,default_task,false,,2027-01-31,https://app.asana.com/1/1205801040312777/project/1205800803236052/task/1213251762901364,Brady Richards,Brady Richards,Recently assigned,2026-05-06T16:26:01.740Z,2026-02-13T18:05:43.284Z,Doro Backlog,All,,"Starting for fiscal year 2024, we'll be filing through Pilot. Need to complete state income tax info in https://app.pilot.com before 1/31/25.",5,,,,,,,,,,,,,,,,,,,,,,,,,,,,,,,,,,Scheduled,,,,,,
1205801040312777,doromind.com,inbox,1213270687037755,State Income Tax Prep,default_task,false,,2028-01-31,https://app.asana.com/1/1205801040312777/project/1205800803236052/task/1213270687037755,Brady Richards,Brady Richards,Recently assigned,2026-05-06T16:33:09.321Z,2026-02-13T18:30:52.828Z,Doro Backlog,All,,"Starting for fiscal year 2024, we'll be filing through Pilot. Need to complete state income tax info in https://app.pilot.com before 1/31/25.",5,,,,,,,,,,,,,,,,,,,,,,,,,,,,,,,,,,Scheduled,,,,,,
1205801040312777,doromind.com,inbox,1214818579568352,Submit $98 Apple dev reimbursement,default_task,false,,,https://app.asana.com/1/1205801040312777/project/1208193100268936/task/1214818579568352,Brady Richards,Brady Richards,Recently assigned,2026-05-15T11:19:09.039Z,2026-05-14T21:19:12.405Z,Founders Backlog,All,fathom,Meeting: https://fathom.video/calls/662712265?timestamp=709.9999,1,,,,,,https://fathom.video/calls/662712265?timestamp=709.9999,Dhanica + Brady: Underscore Visible + Other Finance Stuff,,,,,,,,,,,,,,,,,,,,,,,,,,,In Progress,,,,,,
1205801040312777,doromind.com,inbox,1214259723451951,Superhuman refund › Cancel Superhuman after Lenny trial year - 4/16/26 › Share feedback on Superhuman,default_task,false,,2026-05-15,https://app.asana.com/1/1205801040312777/task/1214259723451951,Brady Richards,Mimi Liu,Recently assigned,2026-05-15T14:12:22.149Z,2026-04-24T13:58:05.722Z,,,,Curious how your perspective on Superhuman has shifted over the past year.,1,,,,,,,,,,,,,,,,,,,,,,,,,,,,,,,,,,To Do,,,,,,
1205801040312777,doromind.com,inbox,1213737552148953,Sync w/ Miguel on quiz-to-welcome-call metrics,default_task,false,,2026-05-22,https://app.asana.com/1/1205801040312777/task/1213737552148953,Brady Richards,Brady Richards,Recently assigned,2026-05-14T15:41:40.750Z,2026-03-19T20:09:51.019Z,,,,"Meeting: Firm Health: Growth
Link: https://fathom.video/calls/605399203?timestamp=2799.9999",2,,,,,,,,,,,,,,,,,,,,,,,,,,,,,,,,,,To Do,,,,,,
1205801040312777,doromind.com,inbox,1214720382541296,Test CA address works,default_task,false,,2026-05-15,https://app.asana.com/1/1205801040312777/project/1213924097303445/task/1214720382541296,Brady Richards,Brady Richards,Recently assigned,2026-05-15T14:12:21.339Z,2026-05-12T14:41:56.960Z,Open California,Launch Care,,,1,,,,,,,,,,,,,,,,,,,,,,,,,,,,,,,,,,To Do,,,,,,
1205801040312777,doromind.com,inbox,1210974997389948,Track PHRP Training Completion for NIDA Key Personnel › Brady – Confirm PHRP training completed,default_task,false,,2027-01-01,https://app.asana.com/1/1205801040312777/task/1210974997389948,Brady Richards,Dhanica Urbano,Recently assigned,2026-04-24T12:47:14.266Z,2025-08-05T11:42:35.008Z,,,,,1,,,,,,,,,,,,,,,,,,,,,,,,,,,,,,,,,,Backlog,,,,,,
1205801040312777,doromind.com,inbox,1210974997389953,Track PHRP Training Completion for NIDA Key Personnel › Coordinate PHRP Training Details with Rob,default_task,false,,2027-01-01,https://app.asana.com/1/1205801040312777/task/1210974997389953,Brady Richards,Dhanica Urbano,Recently assigned,2026-04-24T12:42:38.968Z,2025-08-05T11:42:53.047Z,,,,"Make sure Rob receives the PHRP training link and understands he is required to complete it. Confirm registration and track completion.

🔗 Training Link: https://phrptraining.com/register?code=doromind12207",1,,,,,,,,,,,,,,,,,,,,,,,,,,,,,,,,,,Backlog,,,,,,
1205801040312777,doromind.com,inbox,1214141579152755,Update email-handling PR to align w/ generic file/document schema,default_task,false,,2026-05-22,https://app.asana.com/1/1205801040312777/task/1214141579152755,Brady Richards,Brady Richards,Recently assigned,2026-05-14T15:41:41.610Z,2026-04-20T18:37:47.713Z,,,fathom,Meeting: https://fathom.video/calls/641092135?timestamp=671.9999,5,,,,,,https://fathom.video/calls/641092135?timestamp=671.9999,Eng Huddle,,,,,,,,,,,,,,,,,,,,,,,,,,,To Do,,,,,,
1205801040312777,doromind.com,inbox,1214818473691043,Update financial model: venture debt draw/repay under bear case; then inform Kate,default_task,false,,2026-05-22,https://app.asana.com/1/1205801040312777/project/1208193100268936/task/1214818473691043,Brady Richards,Brady Richards,Recently assigned,2026-05-15T14:11:14.625Z,2026-05-14T21:16:56.885Z,Founders Backlog,All,fathom,Meeting: https://fathom.video/calls/672535251?timestamp=82.9999,5,,,,,,https://fathom.video/calls/672535251?timestamp=82.9999,Brady + Mimi,,,,,,,,,,,,,,,,,,,,,,,,,,,To Do,,,,,,
1205801040312777,doromind.com,inbox,1213833336514569,Update growth strategy doc w/ 90–120–210 tracks + 150 base; add runway; fix Catalyst revenue; share w/ Mimi,default_task,false,,2026-05-22,https://app.asana.com/1/1205801040312777/task/1213833336514569,Brady Richards,Brady Richards,Recently assigned,2026-05-14T15:41:39.919Z,2026-03-27T17:29:29.630Z,,,,Meeting: https://fathom.video/calls/615763563,5,,,,,,,,,,,,,,,,,,,,,,,,,,,,,,,,,,To Do,,,,,,
1205801040312777,doromind.com,inbox,1213910075610828,Update growth strategy doc w/ pre-membership funnel + capacity constraints; then add to Q update in Asana,default_task,false,,2026-05-22,https://app.asana.com/1/1205801040312777/task/1213910075610828,Brady Richards,Brady Richards,Recently assigned,2026-05-14T15:41:41.256Z,2026-04-02T16:50:00.674Z,,,fathom,Meeting: https://fathom.video/calls/622215665?timestamp=419.9999,3,,,,,,https://fathom.video/calls/622215665?timestamp=419.9999,Growth Goals and Dashboards,,,,,,,,,,,,,,,,,,,,,,,,,,,To Do,,,,,,
1205801040312777,doromind.com,inbox,1213887950117752,"Update license tracker: fill expirations, add DEA, add CT for Clare",default_task,false,,2026-05-22,https://app.asana.com/1/1205801040312777/task/1213887950117752,Brady Richards,Brady Richards,Recently assigned,2026-05-14T15:41:40.865Z,2026-03-31T18:59:16.020Z,,,,Meeting: https://fathom.video/calls/618885103,2,,,,,,https://fathom.video/calls/618885103,Milestones Jam,,,,,,,,,,,,,,,,,,,,,,,,,,,To Do,,,,,,
1205801040312777,doromind.com,inbox,1214619170393306,Update proposal signup go-link to billing portal; notify Stephanie,default_task,false,,2026-05-22,https://app.asana.com/1/1205801040312777/task/1214619170393306,Brady Richards,Brady Richards,Recently assigned,2026-05-15T14:11:15.332Z,2026-05-07T18:56:25.421Z,,,fathom,Meeting: https://fathom.video/calls/665356510?timestamp=0.0,2,,,,,,https://fathom.video/calls/665356510?timestamp=0.0,Milestones Jam,,,,,,,,,,,,,,,,,,,,,,,,,,,To Do,,,,,,
1205801040312777,doromind.com,inbox,1214818489218933,Update Stephanie's 3 growth pipeline graphs; add Cost to Serve metrics,default_task,false,,2026-05-22,https://app.asana.com/1/1205801040312777/project/1208193100268936/task/1214818489218933,Brady Richards,Brady Richards,Recently assigned,2026-05-15T14:11:14.591Z,2026-05-14T21:17:39.290Z,Founders Backlog,All,fathom,Meeting: https://fathom.video/calls/667161635?timestamp=714.9999,3,,,,,,https://fathom.video/calls/667161635?timestamp=714.9999,Brady + Mimi,,,,,,,,,,,,,,,,,,,,,,,,,,,To Do,,,,,,
1205801040312777,doromind.com,inbox,1214773220503132,🟡 CA Professional Corporation (Doro Health of California),milestone,false,,,https://app.asana.com/1/1205801040312777/project/1214760215678681/task/1214773220503132,Brady Richards,David Chang,Recently assigned,2026-05-14T13:33:52.138Z,2026-05-13T13:07:06.940Z,Product Backlog,Align,,"Stand up the California Professional Corporation entity (""Doro Health of California"") required to operate in CA. Includes IPF county outreach + family reference letters as adjacent enabling work.

Source: Growth Backlog ""CA Professional Corporation (Doro Health of California)"" (Brady).
Adjacent (already completed today): CA IPF county outreach (1214048848543265), SoCal family reference letter (1214512283793459), Bedford Road metrics (1214521073449292).",3,,,,,,,,,,,,N/A,2026-05-13T00:00:00.000Z,Revenue / Member,,,,Align,,Payer Experience,Big Bet,,,,,,,,,,"Growth Backlog: 'CA Professional Corporation (Doro Health of California)' (Brady); 1214048848543265 (closed CA IPF outreach), 1214512283793459 (SoCal family reference letter), 1214521073449292 (Bedford Road metrics)",,,In Progress,Yellow,,,Regulatory blocker to CA expansion. Doro Health of California entity required to serve CA members.,,
1205801040312777,doromind.com,inbox,1214773220139343,🟢 Funnel valuation dashboard,milestone,false,,,https://app.asana.com/1/1205801040312777/project/1214760215678681/task/1214773220139343,Brady Richards,David Chang,Recently assigned,2026-05-14T13:33:53.312Z,2026-05-13T13:07:01.233Z,Product Backlog,Shape,,"Build a dashboard valuing the current member funnel (intake → conversion → activation). Brady-owned. Pairs with the onboarding/paid-ads readiness work so the dashboard reflects pre/post-launch deltas accurately.

Source: Growth Backlog item ""Make a dashboard to value the current funnel"" (Brady).",5,,,,,,,,,,,,Prospect Conversion,2026-05-13T00:00:00.000Z,Growth,,,,Shape,,Prospect Experience,Workflow Update,,,,,,,,,,Growth Backlog: 'Make a dashboard to value the current funnel' (Brady),,,In Progress,Green,,,"Brady-owned. Without a $ value on the funnel, prioritization debates lack a common denominator.",,
1205801040312777,doromind.com,reassigned,1209055262201721,Bedford Road Medical (Friendly PC) › Employment structure for clinicians › Set up a bank account for Bedford Road Medical,default_task,true,2025-01-22T19:30:28.155Z,2025-01-17,https://app.asana.com/1/1205801040312777/task/1209055262201721,Mimi Liu,Brady Richards,,2026-05-16T13:36:14.836Z,2024-12-29T12:51:31.782Z,,,,"To run payroll for Bedford Road Medical, it needs to have a bank account entered in Rippling. We need to either set up a new bank account for it, or talk to our bookkeepers about how to track how payments flow. 

Account set up with Chase - approved on Wed Jan 22, 2025. This account was listed for Bedford Road Medical P.C. as part of our NY Medicaid enrollment submission, which was mailed same day - Wed Jan 22, 2025.",,,,,,,,,,,,,,,,,,,,,,,,,,,,,,,,,,,Blocked,,,,,,
1205801040312777,doromind.com,reassigned,1214593304689260,Sandra Clarke (Blue Cross CA COO) › Offer for Sandra Clark (advisor),default_task,false,,2026-05-21,https://app.asana.com/1/1205801040312777/project/1208193100268936/task/1214593304689260,Mimi Liu,Brady Richards,,2026-05-16T15:38:02.143Z,2026-05-07T02:41:03.025Z,Founders Backlog,All,,Mimi offered Sandra 6 mo advisory engagement (0.,,,,,,,,,,,,,,,,,,,,,,,,,,,,,,,,,,,To Do,,,,,,
1205801040312777,doromind.com,reassigned,1214710816461582,Update Cursor card-on-file (Visa 3445) to restore subscription,default_task,false,,2026-05-21,https://app.asana.com/1/1205801040312777/project/1208193100268936/task/1214710816461582,Mimi Liu,Brady Richards,,2026-05-16T15:38:07.897Z,2026-05-11T15:54:00.226Z,Founders Backlog,All,,"Cursor: $212.50 payment to Cursor was unsuccessful (Visa ending 3445); update billing to continue subscription.

Source: https://mail.google.com/mail/u/0/#all/19e0c9804eeef953
Received: 2026-05-09",1,,,,,,,,,,19e0c9804eeef953,,,,,,,,,,,,,,,,,,,,,,,,Backlog,,,,,,
1205801040312777,doromind.com,reassigned,1209168563852313,Update KRs for Q1 - 3.3,default_task,true,2025-03-03T21:59:48.174Z,,https://app.asana.com/1/1205801040312777/project/1208214902233745/task/1209168563852313,Jon Cass,David Chang,,2026-05-16T07:12:06.096Z,2025-01-17T15:42:24.822Z,Business Intelligence ; 🛠️ Engineering Backlog,Untitled section,,"We've got a few new things we said we'd measure. By the end of the quarter, we should be able to track Laitman vs non-Laitman subscriptions in KR 3.3.


https://app.asana.com/app/asana/-/get_asset?asset_id=1209561022752079


We also said we'd promote the KR's associated with objective 2 (except maybe churn) into KPIs, where we were happy with where they were but wanted to know if they moved into less favorable territory. 

Discussed in 1/22/25 FH:
Edits/Updates to existing BI 
    WAU calc (Is this still being tracked as a KR in 2025?) 
        Should exclude accounts listed with ""Assigned Provider"" as Dr. Laitman as we currently do not engage members at the same frequency
",,,,,,,,,,,,,,,,,,,,,,,,,,,,,,,,,,,Done,,,,,,
